datetime_utc,actual_solar_MW,forecast_solar_MW,actual_wind_MW,forecast_wind_MW,actual_total_MW,forecast_total_MW
2025-10-01 00:00:00+00:00,0.0,0.04814565239442991,121.0,743.6110490886265,121.0,743.6591947410209
2025-10-01 01:00:00+00:00,0.0,0.0569368611856387,135.0,854.610936825004,135.0,854.6678736861896
2025-10-01 02:00:00+00:00,0.0,0.05708820901705087,185.0,959.9843881629525,185.0,960.0414763719696
2025-10-01 03:00:00+00:00,0.0,0.10238293703508833,206.0,1035.0777701019915,206.0,1035.1801530390267
2025-10-01 04:00:00+00:00,37.0,84.48533613033833,200.0,1124.2609042437218,237.0,1208.74624037406
2025-10-01 05:00:00+00:00,576.0,1197.0678201920687,154.0,1170.4917817108862,730.0,2367.559601902955
2025-10-01 06:00:00+00:00,1576.0,2619.9504245016674,130.0,988.0115057384395,1706.0,3607.961930240107
2025-10-01 07:00:00+00:00,2513.0,3634.5322637058016,129.0,1000.6307541359473,2642.0,4635.163017841749
2025-10-01 08:00:00+00:00,3381.0,4675.587829708382,114.0,789.2183232851073,3495.0,5464.806152993489
2025-10-01 09:00:00+00:00,4046.0,4738.184939964258,114.0,605.6537755266322,4160.0,5343.8387154908905
2025-10-01 10:00:00+00:00,4020.0,4726.820180971668,180.0,530.2158777058926,4200.0,5257.0360586775605
2025-10-01 11:00:00+00:00,3851.0,4786.800399291821,272.0,714.4913715114944,4123.0,5501.291770803316
2025-10-01 12:00:00+00:00,3165.0,3961.036717987426,400.0,921.7921404882429,3565.0,4882.828858475669
2025-10-01 13:00:00+00:00,2090.0,3088.322358433943,553.0,1199.899148343595,2643.0,4288.221506777538
2025-10-01 14:00:00+00:00,1081.0,2032.9118084850547,584.0,1349.605576864419,1665.0,3382.5173853494734
2025-10-01 15:00:00+00:00,201.0,505.5500778904958,583.0,1398.881227008616,784.0,1904.4313048991116
2025-10-01 16:00:00+00:00,0.0,6.608125076571319,580.0,1423.5076822964995,580.0,1430.1158073730708
2025-10-01 17:00:00+00:00,0.0,0.022351081497962187,579.0,1342.6209312930555,579.0,1342.6432823745536
2025-10-01 18:00:00+00:00,0.0,0.008494292655602174,654.0,1299.911466226712,654.0,1299.9199605193676
2025-10-01 19:00:00+00:00,0.0,0.006126638136551568,792.0,1219.7313717324562,792.0,1219.7374983705927
2025-10-01 20:00:00+00:00,0.0,0.00492547436426814,851.0,1257.0617231009783,851.0,1257.0666485753425
2025-10-01 21:00:00+00:00,0.0,0.004863382288098189,911.0,1250.9889485881836,911.0,1250.9938119704716
2025-10-01 22:00:00+00:00,0.0,0.004921297346013247,980.0,1265.7976284527044,980.0,1265.8025497500505
2025-10-01 23:00:00+00:00,0.0,0.004921297346013247,1039.0,1191.321363023367,1039.0,1191.326284320713
2025-10-02 00:00:00+00:00,0.0,0.0049833894221831985,1115.0,1215.8148529607377,1115.0,1215.81983635016
2025-10-02 01:00:00+00:00,0.0,0.0049833894221831985,1106.0,1206.6310457299392,1106.0,1206.6360291193614
2025-10-02 02:00:00+00:00,0.0,0.005134737253595383,1124.0,1324.0330275620963,1124.0,1324.03816229935
2025-10-02 03:00:00+00:00,0.0,0.03232294252042964,1124.0,1506.7898227782357,1124.0,1506.8221457207562
2025-10-02 04:00:00+00:00,7.0,64.63843413174646,1254.0,1579.9883620603287,1261.0,1644.626796192075
2025-10-02 05:00:00+00:00,107.0,547.5245701868691,1358.0,1756.3325652483259,1465.0,2303.8571354351952
2025-10-02 06:00:00+00:00,262.0,1137.8188351092595,1347.0,1455.7291083712469,1609.0,2593.5479434805065
2025-10-02 07:00:00+00:00,469.0,1658.1564370268666,1362.0,1460.5704483681109,1831.0,3118.726885394977
2025-10-02 08:00:00+00:00,749.0,1893.6211709468103,1443.0,1340.8992094075697,2192.0,3234.52038035438
2025-10-02 09:00:00+00:00,876.0,2931.203166356283,1401.0,1439.091621625474,2277.0,4370.294787981757
2025-10-02 10:00:00+00:00,873.0,2857.7470426971904,1332.0,1349.4623546467617,2205.0,4207.209397343952
2025-10-02 11:00:00+00:00,791.0,2762.097210797338,1344.0,1185.7702672593132,2135.0,3947.867478056651
2025-10-02 12:00:00+00:00,836.0,2505.3077316509593,1307.0,931.0619166950352,2143.0,3436.3696483459944
2025-10-02 13:00:00+00:00,692.0,2405.190254849609,1540.0,968.3693678686395,2232.0,3373.5596227182486
2025-10-02 14:00:00+00:00,348.0,1220.4991143263878,1555.0,871.3170749995217,1903.0,2091.8161893259094
2025-10-02 15:00:00+00:00,87.0,267.37587432137695,1483.0,853.9714969467781,1570.0,1121.347371268155
2025-10-02 16:00:00+00:00,0.0,2.9059671633250392,1332.0,1055.0553201409516,1332.0,1057.9612873042765
2025-10-02 17:00:00+00:00,0.0,0.01358598873078285,1427.0,1173.7141818315677,1427.0,1173.7277678202984
2025-10-02 18:00:00+00:00,0.0,0.008494292655602174,1641.0,1360.094047054107,1641.0,1360.1025413467626
2025-10-02 19:00:00+00:00,0.0,0.006126638136551568,1782.0,1592.4825209824057,1782.0,1592.4886476205422
2025-10-02 20:00:00+00:00,0.0,0.004863382288098189,1907.0,1708.5366023221668,1907.0,1708.5414657044548
2025-10-02 21:00:00+00:00,0.0,0.004863382288098189,2050.0,1963.2000671042174,2050.0,1963.2049304865054
2025-10-02 22:00:00+00:00,0.0,0.004863382288098189,2109.0,2057.8969808235342,2109.0,2057.9018442058223
2025-10-02 23:00:00+00:00,0.0,0.004863382288098189,2197.0,1903.5946929353663,2197.0,1903.5995563176543
2025-10-03 00:00:00+00:00,0.0,0.004863382288098189,2242.0,2118.3696082019555,2242.0,2118.3744715842436
2025-10-03 01:00:00+00:00,0.0,0.004863382288098189,2276.0,2060.3610883912916,2276.0,2060.3659517735796
2025-10-03 02:00:00+00:00,0.0,0.005243680040159289,2274.0,2218.7268904433618,2274.0,2218.732134123402
2025-10-03 03:00:00+00:00,0.0,0.03360761516412603,2240.0,2014.4853681076243,2240.0,2014.5189757227884
2025-10-03 04:00:00+00:00,31.0,6.959194220213399,2168.0,1771.3129812696102,2199.0,1778.2721754898237
2025-10-03 05:00:00+00:00,774.0,144.84578006142024,2038.0,1651.4249621405124,2812.0,1796.2707422019328
2025-10-03 06:00:00+00:00,2360.0,636.704677934595,1764.0,1516.4995736182625,4124.0,2153.2042515528574
2025-10-03 07:00:00+00:00,3515.0,1075.6519039965203,1660.0,1614.6451872530697,5175.0,2690.2970912495903
2025-10-03 08:00:00+00:00,3811.0,2989.836470125909,1462.0,1533.741493877314,5273.0,4523.577964003223
2025-10-03 09:00:00+00:00,3770.0,3155.7231667463043,1349.0,1591.109386628988,5119.0,4746.832553375292
2025-10-03 10:00:00+00:00,3857.0,3214.4238172422965,1393.0,1408.8180452398344,5250.0,4623.241862482131
2025-10-03 11:00:00+00:00,3730.0,3161.1298259713676,1390.0,1347.7812581360668,5120.0,4508.911084107434
2025-10-03 12:00:00+00:00,3370.0,3069.393548702885,1520.0,1445.4330777355367,4890.0,4514.826626438422
2025-10-03 13:00:00+00:00,2740.0,2818.7028126034006,1654.0,1458.1857469744473,4394.0,4276.888559577848
2025-10-03 14:00:00+00:00,1574.0,1273.6795105819633,1997.0,1414.3276883218373,3571.0,2688.0071989038006
2025-10-03 15:00:00+00:00,368.0,248.0816167079012,1945.0,1208.1966301514312,2313.0,1456.2782468593325
2025-10-03 16:00:00+00:00,0.0,2.1744837620389235,1764.0,1081.4235200868472,1764.0,1083.5980038488863
2025-10-03 17:00:00+00:00,0.0,0.024976081493741642,1710.0,1177.3555778891314,1710.0,1177.3805539706252
2025-10-03 18:00:00+00:00,0.0,0.010514444683244386,1588.0,1116.0001195843618,1588.0,1116.010634029045
2025-10-03 19:00:00+00:00,0.0,0.008353636337459006,1560.0,1151.9002741833788,1560.0,1151.9086278197162
2025-10-03 20:00:00+00:00,0.0,0.005979640824520197,1575.0,1315.2639451188606,1575.0,1315.2699247596852
2025-10-03 21:00:00+00:00,0.0,0.005979640824520197,1516.0,1314.828511735779,1516.0,1314.8344913766036
2025-10-03 22:00:00+00:00,0.0,0.005781668516074163,1510.0,1654.777376119777,1510.0,1654.783157788293
2025-10-03 23:00:00+00:00,0.0,0.0055748223428089385,1511.0,1352.5309636036843,1511.0,1352.5365384260272
2025-10-04 00:00:00+00:00,0.0,0.0055748223428089385,1436.0,1100.9848063586348,1436.0,1100.9903811809777
2025-10-04 01:00:00+00:00,0.0,0.0055748223428089385,1357.0,1163.902025956048,1357.0,1163.9076007783908
2025-10-04 02:00:00+00:00,0.0,0.00572617017422112,1155.0,1090.3587807945369,1155.0,1090.3645069647112
2025-10-04 03:00:00+00:00,0.0,0.051651893763441044,1020.0,1248.5555103203287,1020.0,1248.607162214092
2025-10-04 04:00:00+00:00,53.0,53.87696058260452,995.0,847.6061002387084,1048.0,901.483060821313
2025-10-04 05:00:00+00:00,1019.0,1260.6199942471105,820.0,642.3228878015357,1839.0,1902.9428820486462
2025-10-04 06:00:00+00:00,2912.0,2682.5237798378266,699.0,411.5744348159308,3611.0,3094.098214653757
2025-10-04 07:00:00+00:00,4131.0,3569.784715892525,590.0,575.9258294191942,4721.0,4145.710545311719
2025-10-04 08:00:00+00:00,4395.0,3861.5946281639667,523.0,790.5775787243015,4918.0,4652.172206888268
2025-10-04 09:00:00+00:00,4465.0,3680.00520310713,517.0,778.8174997854799,4982.0,4458.82270289261
2025-10-04 10:00:00+00:00,4492.0,3730.1825737926283,575.0,787.895626083264,5067.0,4518.078199875892
2025-10-04 11:00:00+00:00,4296.0,3557.2358594505226,634.0,810.814639892696,4930.0,4368.050499343219
2025-10-04 12:00:00+00:00,3654.0,3604.7413541241926,761.0,808.6555987215239,4415.0,4413.396952845716
2025-10-04 13:00:00+00:00,2768.0,2588.9847181926725,819.0,744.2561613640744,3587.0,3333.240879556747
2025-10-04 14:00:00+00:00,1577.0,1544.0570775197284,994.0,1024.3674245164636,2571.0,2568.4245020361923
2025-10-04 15:00:00+00:00,378.0,355.15604633174553,1056.0,859.5078435131272,1434.0,1214.6638898448728
2025-10-04 16:00:00+00:00,0.0,2.0017239395418174,1154.0,863.5178296502881,1154.0,865.5195535898299
2025-10-04 17:00:00+00:00,0.0,0.01358598873078285,1222.0,754.3112415537255,1222.0,754.3248275424563
2025-10-04 18:00:00+00:00,0.0,0.008494292655602174,1296.0,636.5405104424709,1296.0,636.5490047351266
2025-10-04 19:00:00+00:00,0.0,0.006126638136551568,1377.0,552.6928201260952,1377.0,552.6989467642318
2025-10-04 20:00:00+00:00,0.0,0.004863382288098189,1405.0,548.8700476394522,1405.0,548.8749110217403
2025-10-04 21:00:00+00:00,0.0,0.004863382288098189,1512.0,538.7460590755059,1512.0,538.750922457794
2025-10-04 22:00:00+00:00,0.0,0.004863382288098189,1536.0,567.2351300046704,1536.0,567.2399933869585
2025-10-04 23:00:00+00:00,0.0,0.004863382288098189,1548.0,586.1591897759879,1548.0,586.164053158276
2025-10-05 00:00:00+00:00,0.0,0.005383606722205824,1623.0,483.67389154178613,1623.0,483.67927514850834
2025-10-05 01:00:00+00:00,0.0,0.004863382288098189,1621.0,485.2418888017745,1621.0,485.2467521840626
2025-10-05 02:00:00+00:00,0.0,0.005014730119510373,1630.0,432.7563762560525,1630.0,432.761390986172
2025-10-05 03:00:00+00:00,0.0,0.03232686804746561,1548.0,387.9702125805517,1548.0,388.0025394485991
2025-10-05 04:00:00+00:00,66.0,49.592580272615685,1435.0,275.5329001422415,1501.0,325.1254804148572
2025-10-05 05:00:00+00:00,1331.0,952.0168002505682,1209.0,299.5097129479876,2540.0,1251.5265131985557
2025-10-05 06:00:00+00:00,3141.0,2737.2028208727797,893.0,158.52059728675613,4034.0,2895.723418159536
2025-10-05 07:00:00+00:00,3649.0,3781.7446286242375,604.0,109.08672682772499,4253.0,3890.8313554519627
2025-10-05 08:00:00+00:00,3876.0,3873.4626991608543,513.0,262.1337756477949,4389.0,4135.596474808649
2025-10-05 09:00:00+00:00,3958.0,3979.321958822518,470.0,376.90585107500704,4428.0,4356.227809897525
2025-10-05 10:00:00+00:00,3909.0,4065.005917304133,500.0,531.2293323559906,4409.0,4596.235249660123
2025-10-05 11:00:00+00:00,3589.0,3869.8871952475083,524.0,696.006934724176,4113.0,4565.894129971684
2025-10-05 12:00:00+00:00,3178.0,3290.3381257462142,630.0,945.2764489742854,3808.0,4235.614574720499
2025-10-05 13:00:00+00:00,2666.0,2591.671130672865,1058.0,901.5669433363767,3724.0,3493.2380740092412
2025-10-05 14:00:00+00:00,1970.0,1507.0608822624706,1587.0,1104.8152467348768,3557.0,2611.876128997347
2025-10-05 15:00:00+00:00,460.0,346.32514408598405,1757.0,1234.1339787192635,2217.0,1580.4591228052475
2025-10-05 16:00:00+00:00,0.0,3.7146598572821983,1584.0,1250.122415342003,1584.0,1253.8370751992852
2025-10-05 17:00:00+00:00,0.0,0.01358598873078285,1544.0,1097.4171831441035,1544.0,1097.4307691328343
2025-10-05 18:00:00+00:00,0.0,0.008494292655602174,1589.0,1108.088885887511,1589.0,1108.0973801801665
2025-10-05 19:00:00+00:00,0.0,0.006126638136551568,1687.0,1029.7459759906365,1687.0,1029.752102628773
2025-10-05 20:00:00+00:00,0.0,0.004863382288098189,1777.0,971.5669748065984,1777.0,971.5718381888865
2025-10-05 21:00:00+00:00,0.0,0.004863382288098189,1737.0,1144.7973312785678,1737.0,1144.8021946608558
2025-10-05 22:00:00+00:00,0.0,0.004863382288098189,1775.0,1286.0394251154394,1775.0,1286.0442884977274
2025-10-05 23:00:00+00:00,0.0,0.004863382288098189,1790.0,1374.702899791029,1790.0,1374.707763173317
2025-10-06 00:00:00+00:00,0.0,0.004863382288098189,1802.0,1413.2510106042625,1802.0,1413.2558739865506
2025-10-06 01:00:00+00:00,0.0,0.004863382288098189,1736.0,1448.774093512287,1736.0,1448.778956894575
2025-10-06 02:00:00+00:00,0.0,0.005014730119510373,1692.0,1442.0094452020378,1692.0,1442.0144599321573
2025-10-06 03:00:00+00:00,0.0,0.031139559605002524,1725.0,1308.2684255902725,1725.0,1308.2995651498775
2025-10-06 04:00:00+00:00,17.0,76.1648383299663,1628.0,1204.1475792220665,1645.0,1280.312417552033
2025-10-06 05:00:00+00:00,285.0,1247.9412530622112,1509.0,1028.668991921666,1794.0,2276.6102449838772
2025-10-06 06:00:00+00:00,702.0,2488.371884474763,1463.0,918.8633648246821,2165.0,3407.235249299445
2025-10-06 07:00:00+00:00,1228.0,2634.428728224878,1566.0,885.1233158878986,2794.0,3519.5520441127765
2025-10-06 08:00:00+00:00,1869.0,3135.5700192723116,1506.0,994.8877586026135,3375.0,4130.457777874925
2025-10-06 09:00:00+00:00,2213.0,3534.9034267968063,1507.0,1073.8425045787035,3720.0,4608.74593137551
2025-10-06 10:00:00+00:00,2229.0,3632.2411408559005,1491.0,950.8298110243925,3720.0,4583.070951880293
2025-10-06 11:00:00+00:00,2121.0,3692.239530465977,1439.0,949.7888835098372,3560.0,4642.028413975814
2025-10-06 12:00:00+00:00,1851.0,3230.5980066826155,1329.0,1040.3236221316545,3180.0,4270.92162881427
2025-10-06 13:00:00+00:00,1532.0,2522.8013668967956,1307.0,1371.6000634301454,2839.0,3894.401430326941
2025-10-06 14:00:00+00:00,754.0,1666.8655436612771,1359.0,1470.2917861362907,2113.0,3137.157329797568
2025-10-06 15:00:00+00:00,158.0,371.80613211392347,1403.0,1899.6382782891906,1561.0,2271.444410403114
2025-10-06 16:00:00+00:00,4.0,3.486709854061817,1282.0,2034.4737885676082,1286.0,2037.96049842167
2025-10-06 17:00:00+00:00,0.0,0.0136480808069528,1158.0,1990.572880316779,1158.0,1990.5865283975859
2025-10-06 18:00:00+00:00,0.0,0.008494292655602174,1046.0,1157.4633628792585,1046.0,1157.471857171914
2025-10-06 19:00:00+00:00,0.0,0.006126638136551568,1106.0,1194.497164576807,1106.0,1194.5032912149436
2025-10-06 20:00:00+00:00,0.0,0.004863382288098189,1189.0,1337.5314788418918,1189.0,1337.5363422241799
2025-10-06 21:00:00+00:00,0.0,0.004863382288098189,1271.0,1334.2545549442789,1271.0,1334.259418326567
2025-10-06 22:00:00+00:00,0.0,0.004863382288098189,1510.0,1764.8751936638391,1510.0,1764.8800570461271
2025-10-06 23:00:00+00:00,0.0,0.004863382288098189,1778.0,2481.953814676919,1778.0,2481.958678059207
2025-10-07 00:00:00+00:00,0.0,0.004863382288098189,2247.0,2453.311503283452,2247.0,2453.31636666574
2025-10-07 01:00:00+00:00,0.0,0.004863382288098189,2464.0,2513.8423992052763,2464.0,2513.8472625875643
2025-10-07 02:00:00+00:00,0.0,0.005014730119510373,2648.0,2422.722652478774,2648.0,2422.7276672088933
2025-10-07 03:00:00+00:00,0.0,0.031139559605002524,2730.0,2558.3208056826415,2730.0,2558.3519452422465
2025-10-07 04:00:00+00:00,21.0,17.292258348797752,2678.0,2467.6039763275858,2699.0,2484.8962346763833
2025-10-07 05:00:00+00:00,515.0,535.8492882353228,2506.0,2410.7212669857126,3021.0,2946.5705552210356
2025-10-07 06:00:00+00:00,1596.0,1857.6377806915866,2258.0,2125.4120643776814,3854.0,3983.049845069268
2025-10-07 07:00:00+00:00,2715.0,2317.3765795810223,1991.0,2282.710382793004,4706.0,4600.086962374026
2025-10-07 08:00:00+00:00,3222.0,3198.801620825018,1772.0,2141.8548331962947,4994.0,5340.656454021313
2025-10-07 09:00:00+00:00,3142.0,3648.9998891032897,1524.0,1830.9310815957765,4666.0,5479.930970699066
2025-10-07 10:00:00+00:00,2826.0,3764.1203347539517,1621.0,1630.784761580544,4447.0,5394.905096334496
2025-10-07 11:00:00+00:00,2358.0,3570.3797129019727,1599.0,1811.3537871500826,3957.0,5381.733500052055
2025-10-07 12:00:00+00:00,1702.0,2883.6867322424887,1576.0,1844.1413823385217,3278.0,4727.828114581011
2025-10-07 13:00:00+00:00,1170.0,1857.0021508251614,1496.0,1935.98881050692,2666.0,3792.9909613320815
2025-10-07 14:00:00+00:00,692.0,1171.125126432099,1675.0,1858.2509570599773,2367.0,3029.3760834920763
2025-10-07 15:00:00+00:00,180.0,232.45439229948352,1811.0,1897.5867124139604,1991.0,2130.041104713444
2025-10-07 16:00:00+00:00,0.0,4.934428832748892,1725.0,1804.9781310704036,1725.0,1809.9125599031524
2025-10-07 17:00:00+00:00,0.0,0.01747817082369721,1749.0,1789.2060578799626,1749.0,1789.2235360507864
2025-10-07 18:00:00+00:00,0.0,0.009507955486015273,1724.0,1652.1036178705758,1724.0,1652.1131258260618
2025-10-07 19:00:00+00:00,0.0,0.007140300966964667,1911.0,1699.2170169633416,1911.0,1699.2241572643086
2025-10-07 20:00:00+00:00,0.0,0.005345872422160022,1973.0,1746.8888447668319,1973.0,1746.894190639254
2025-10-07 21:00:00+00:00,0.0,0.005345872422160022,1949.0,1852.754533663242,1949.0,1852.7598795356641
2025-10-07 22:00:00+00:00,0.0,0.005345872422160022,1867.0,1731.8276507858525,1867.0,1731.8329966582746
2025-10-07 23:00:00+00:00,0.0,0.005984990788555551,1858.0,1550.0367950736515,1858.0,1550.0427800644402
2025-10-08 00:00:00+00:00,0.0,0.005984990788555551,1816.0,1599.9766099054689,1816.0,1599.9825948962575
2025-10-08 01:00:00+00:00,0.0,0.005984990788555551,1802.0,1799.5705797952387,1802.0,1799.5765647860273
2025-10-08 02:00:00+00:00,0.0,0.006136338619967734,1876.0,1695.182884966539,1876.0,1695.189021305159
2025-10-08 03:00:00+00:00,0.0,0.053603328523191836,1807.0,1684.9903733697859,1807.0,1685.043976698309
2025-10-08 04:00:00+00:00,27.0,29.06373015812207,1718.0,1540.378465050594,1745.0,1569.4421952087162
2025-10-08 05:00:00+00:00,593.0,713.5929444500462,1693.0,1470.9090712433417,2286.0,2184.502015693388
2025-10-08 06:00:00+00:00,1507.0,2156.159018130902,1506.0,1374.2865421325057,3013.0,3530.445560263408
2025-10-08 07:00:00+00:00,2532.0,3227.1152617181274,1321.0,1218.7449719806455,3853.0,4445.860233698773
2025-10-08 08:00:00+00:00,3537.0,3516.2237860802825,1249.0,1200.8868289262168,4786.0,4717.110615006499
2025-10-08 09:00:00+00:00,3290.0,3960.9889674436395,1130.0,1021.3756564250165,4420.0,4982.364623868656
2025-10-08 10:00:00+00:00,3119.0,3999.5736849108825,1089.0,895.3828945626277,4208.0,4894.95657947351
2025-10-08 11:00:00+00:00,2534.0,3411.692804330393,1039.0,1008.3896413803195,3573.0,4420.082445710712
2025-10-08 12:00:00+00:00,2086.0,2796.274493002123,1071.0,1440.068566184387,3157.0,4236.34305918651
2025-10-08 13:00:00+00:00,1605.0,2294.8827526290534,1009.0,1285.993458632835,2614.0,3580.8762112618883
2025-10-08 14:00:00+00:00,1049.0,1061.1376367072926,1012.0,1208.9580434811426,2061.0,2270.095680188435
2025-10-08 15:00:00+00:00,251.0,251.75267240066202,1008.0,1132.0260073290974,1259.0,1383.7786797297595
2025-10-08 16:00:00+00:00,0.0,1.528872573080822,1050.0,1192.9885537400228,1050.0,1194.5174263131037
2025-10-08 17:00:00+00:00,0.0,0.013740176109890171,1221.0,1130.7948683478073,1221.0,1130.8086085239172
2025-10-08 18:00:00+00:00,0.0,0.008710572110879446,1311.0,1086.7973680877553,1311.0,1086.8060786598662
2025-10-08 19:00:00+00:00,0.0,0.006280825515658891,1330.0,1217.2305161341656,1330.0,1217.2367969596812
2025-10-08 20:00:00+00:00,0.0,0.0050175696672055126,1254.0,1441.085387347765,1254.0,1441.0904049174321
2025-10-08 21:00:00+00:00,0.0,0.0050175696672055126,1244.0,1325.7159650495878,1244.0,1325.720982619255
2025-10-08 22:00:00+00:00,0.0,0.0050175696672055126,1223.0,1166.817639396943,1223.0,1166.82265696661
2025-10-08 23:00:00+00:00,0.0,0.0050175696672055126,1081.0,1092.802126490722,1081.0,1092.8071440603892
2025-10-09 00:00:00+00:00,0.0,0.005656688033601042,1099.0,982.8843349023768,1099.0,982.8899915904104
2025-10-09 01:00:00+00:00,0.0,0.0050175696672055126,1099.0,1024.1249381785647,1099.0,1024.1299557482319
2025-10-09 02:00:00+00:00,0.0,0.007235648346870993,1084.0,1139.3169428148078,1084.0,1139.3241784631548
2025-10-09 03:00:00+00:00,0.0,0.05662492312624206,1041.0,1163.0589475491058,1041.0,1163.115572472232
2025-10-09 04:00:00+00:00,37.0,36.27937553790594,1024.0,1117.8775308431543,1061.0,1154.1569063810603
2025-10-09 05:00:00+00:00,1052.0,672.6076398304597,886.0,994.3985799264402,1938.0,1667.0062197569
2025-10-09 06:00:00+00:00,2967.0,1792.3944973651953,570.0,799.0568204890214,3537.0,2591.4513178542165
2025-10-09 07:00:00+00:00,4597.0,2718.2042309221333,393.0,602.83168976552,4990.0,3321.0359206876533
2025-10-09 08:00:00+00:00,5107.0,3605.1605871713587,278.0,779.1431708951438,5385.0,4384.303758066502
2025-10-09 09:00:00+00:00,5166.0,3589.7334593454543,251.0,653.6298588558507,5417.0,4243.363318201305
2025-10-09 10:00:00+00:00,5175.0,3501.0104320004084,254.0,668.6390653835615,5429.0,4169.64949738397
2025-10-09 11:00:00+00:00,5008.0,2782.121422251373,217.0,806.5705588318231,5225.0,3588.691981083196
2025-10-09 12:00:00+00:00,4510.0,2621.3933523732544,256.0,886.0992061151856,4766.0,3507.49255848844
2025-10-09 13:00:00+00:00,3773.0,2387.5211898474254,373.0,932.4327128565793,4146.0,3319.9539027040046
2025-10-09 14:00:00+00:00,2189.0,1372.0683591247391,527.0,923.7685323936189,2716.0,2295.8368915183582
2025-10-09 15:00:00+00:00,410.0,289.81365499744817,583.0,999.09268525307,993.0,1288.9063402505183
2025-10-09 16:00:00+00:00,0.0,3.8324732843764475,603.0,929.1071128946026,603.0,932.939586178979
2025-10-09 17:00:00+00:00,0.0,0.01358598873078285,611.0,880.1826813684722,611.0,880.196267357203
2025-10-09 18:00:00+00:00,0.0,0.008494292655602174,532.0,1027.3531504587563,532.0,1027.3616447514119
2025-10-09 19:00:00+00:00,0.0,0.006126638136551568,482.0,981.2976845612507,482.0,981.3038111993873
2025-10-09 20:00:00+00:00,0.0,0.004863382288098189,511.0,915.9595803115554,511.0,915.9644436938436
2025-10-09 21:00:00+00:00,0.0,0.004863382288098189,515.0,1021.4305918110845,515.0,1021.4354551933726
2025-10-09 22:00:00+00:00,0.0,0.004863382288098189,435.0,971.0371727700493,435.0,971.0420361523375
2025-10-09 23:00:00+00:00,0.0,0.004863382288098189,368.0,813.2048693020844,368.0,813.2097326843725
2025-10-10 00:00:00+00:00,0.0,0.004863382288098189,383.0,878.6671191189746,383.0,878.6719825012627
2025-10-10 01:00:00+00:00,0.0,0.004863382288098189,364.0,1058.5426066657922,364.0,1058.5474700480802
2025-10-10 02:00:00+00:00,0.0,0.005014730119510373,427.0,1127.8312293530544,427.0,1127.8362440831738
2025-10-10 03:00:00+00:00,0.0,0.05002825954049218,507.0,1162.5109807831209,507.0,1162.5610090426615
2025-10-10 04:00:00+00:00,38.0,36.602806090069286,524.0,1138.8032845251655,562.0,1175.4060906152347
2025-10-10 05:00:00+00:00,1042.0,1145.433632036086,481.0,1080.4846890494553,1523.0,2225.9183210855413
2025-10-10 06:00:00+00:00,2954.0,2966.604349748213,401.0,946.0972202039549,3355.0,3912.7015699521676
2025-10-10 07:00:00+00:00,4431.0,3841.3638310297993,346.0,784.2700820619095,4777.0,4625.633913091709
2025-10-10 08:00:00+00:00,4996.0,4324.104615079099,340.0,657.5141883755407,5336.0,4981.618803454639
2025-10-10 09:00:00+00:00,5013.0,4579.723696623293,292.0,549.8846645874171,5305.0,5129.60836121071
2025-10-10 10:00:00+00:00,5024.0,4852.526445419385,258.0,469.4017321308876,5282.0,5321.928177550272
2025-10-10 11:00:00+00:00,4995.0,4579.685020087678,227.0,437.006925430641,5222.0,5016.691945518319
2025-10-10 12:00:00+00:00,4392.0,4200.950120359654,213.0,711.1916328598784,4605.0,4912.141753219532
2025-10-10 13:00:00+00:00,3379.0,3309.4208106459973,282.0,721.5221000702381,3661.0,4030.9429107162355
2025-10-10 14:00:00+00:00,1821.0,1923.9553626767963,316.0,713.5368361704825,2137.0,2637.492198847279
2025-10-10 15:00:00+00:00,280.0,369.9186120083517,276.0,712.0285499984686,556.0,1081.9471620068202
2025-10-10 16:00:00+00:00,0.0,4.362703641209782,327.0,872.5371359174032,327.0,876.899839558613
2025-10-10 17:00:00+00:00,0.0,0.01358598873078285,381.0,939.1714916970975,381.0,939.1850776858283
2025-10-10 18:00:00+00:00,0.0,0.008494292655602174,365.0,943.7842964581912,365.0,943.7927907508468
2025-10-10 19:00:00+00:00,0.0,0.006126638136551568,389.0,928.9388047307444,389.0,928.944931368881
2025-10-10 20:00:00+00:00,0.0,0.004863382288098189,390.0,885.0324953423577,390.0,885.0373587246459
2025-10-10 21:00:00+00:00,0.0,0.004863382288098189,359.0,891.0052913680489,359.0,891.010154750337
2025-10-10 22:00:00+00:00,0.0,0.004863382288098189,398.0,845.897566710036,398.0,845.9024300923242
2025-10-10 23:00:00+00:00,0.0,0.004863382288098189,487.0,839.4918473525942,487.0,839.4967107348823
2025-10-11 00:00:00+00:00,0.0,0.004863382288098189,590.0,679.0934817180806,590.0,679.0983451003688
2025-10-11 01:00:00+00:00,0.0,0.004863382288098189,808.0,808.129755006671,808.0,808.1346183889591
2025-10-11 02:00:00+00:00,0.0,0.005014730119510373,922.0,866.0765167924,922.0,866.0815315225194
2025-10-11 03:00:00+00:00,0.0,0.0582534550681939,995.0,906.499257187885,995.0,906.5575106429532
2025-10-11 04:00:00+00:00,29.0,38.3859376164492,984.0,886.1990649146892,1013.0,924.5850025311383
2025-10-11 05:00:00+00:00,932.0,987.5429161797977,1028.0,927.2231681506223,1960.0,1914.76608433042
2025-10-11 06:00:00+00:00,2772.0,2761.505045295253,940.0,882.3402956973257,3712.0,3643.8453409925787
2025-10-11 07:00:00+00:00,3785.0,3854.660672347579,678.0,832.0376927664271,4463.0,4686.698365114006
2025-10-11 08:00:00+00:00,4278.0,4344.473869144026,597.0,816.7593308393359,4875.0,5161.233199983362
2025-10-11 09:00:00+00:00,4416.0,4343.191999090108,509.0,824.5491532927699,4925.0,5167.741152382878
2025-10-11 10:00:00+00:00,4394.0,4340.595680803544,613.0,948.7318580729851,5007.0,5289.32753887653
2025-10-11 11:00:00+00:00,4066.0,4191.156316237888,796.0,1225.5329634836216,4862.0,5416.68927972151
2025-10-11 12:00:00+00:00,3539.0,3665.2678403574882,995.0,1566.9216040038702,4534.0,5232.189444361358
2025-10-11 13:00:00+00:00,2835.0,2940.7297434828174,1639.0,1789.294741839852,4474.0,4730.0244853226695
2025-10-11 14:00:00+00:00,1618.0,1688.4990170736664,1956.0,1869.1765633232408,3574.0,3557.675580396907
2025-10-11 15:00:00+00:00,283.0,266.8285604932375,2067.0,1871.0431771225908,2350.0,2137.8717376158284
2025-10-11 16:00:00+00:00,0.0,4.345422521908965,2160.0,2130.1228035273734,2160.0,2134.4682260492823
2025-10-11 17:00:00+00:00,0.0,0.01358598873078285,2166.0,2261.5267341927156,2166.0,2261.5403201814465
2025-10-11 18:00:00+00:00,0.0,0.008494292655602174,2223.0,2291.508870289924,2223.0,2291.5173645825794
2025-10-11 19:00:00+00:00,0.0,0.006126638136551568,2270.0,2247.2024167085638,2270.0,2247.2085433467005
2025-10-11 20:00:00+00:00,0.0,0.004863382288098189,2549.0,2206.8849671581197,2549.0,2206.8898305404077
2025-10-11 21:00:00+00:00,0.0,0.004863382288098189,2684.0,2138.3722426335908,2684.0,2138.377106015879
2025-10-11 22:00:00+00:00,0.0,0.004863382288098189,2725.0,1960.8346643260281,2725.0,1960.8395277083162
2025-10-11 23:00:00+00:00,0.0,0.004863382288098189,2870.0,1787.814301621162,2870.0,1787.81916500345
2025-10-12 00:00:00+00:00,0.0,0.004863382288098189,2678.0,1588.292058088972,2678.0,1588.29692147126
2025-10-12 01:00:00+00:00,0.0,0.004863382288098189,2557.0,1550.222293348986,2557.0,1550.2271567312741
2025-10-12 02:00:00+00:00,0.0,0.005014730119510373,2305.0,1465.173668261581,2305.0,1465.1786829917005
2025-10-12 03:00:00+00:00,0.0,0.03232294252042964,2089.0,1387.9166268726185,2089.0,1387.948949815139
2025-10-12 04:00:00+00:00,29.0,29.144661087646174,1808.0,1278.5274548328548,1837.0,1307.672115920501
2025-10-12 05:00:00+00:00,881.0,1199.7566223572517,1413.0,1156.3229357555163,2294.0,2356.0795581127677
2025-10-12 06:00:00+00:00,2421.0,2733.8344174466656,1067.0,1024.9143650959054,3488.0,3758.748782542571
2025-10-12 07:00:00+00:00,3291.0,3523.1098593072657,793.0,954.6903105821809,4084.0,4477.800169889447
2025-10-12 08:00:00+00:00,3966.0,3708.7347913713293,641.0,991.6132319640135,4607.0,4700.348023335343
2025-10-12 09:00:00+00:00,4087.0,3722.74349766653,481.0,903.6742640856089,4568.0,4626.417761752139
2025-10-12 10:00:00+00:00,4105.0,3771.324469470577,375.0,913.4376785899319,4480.0,4684.7621480605085
2025-10-12 11:00:00+00:00,3960.0,3615.860799589883,381.0,975.904195383702,4341.0,4591.764994973585
2025-10-12 12:00:00+00:00,3720.0,3289.6118037217148,383.0,1212.0408896831798,4103.0,4501.652693404894
2025-10-12 13:00:00+00:00,3106.0,2503.559008533738,443.0,1493.4999471231179,3549.0,3997.0589556568557
2025-10-12 14:00:00+00:00,1835.0,1777.9499537456902,545.0,1483.829469197392,2380.0,3261.779422943082
2025-10-12 15:00:00+00:00,291.0,342.7396944983089,564.0,1406.1977892582931,855.0,1748.937483756602
2025-10-12 16:00:00+00:00,0.0,3.2834344440599517,532.0,1398.0719223527003,532.0,1401.3553567967604
2025-10-12 17:00:00+00:00,0.0,0.01358598873078285,484.0,1308.0916510632583,484.0,1308.105237051989
2025-10-12 18:00:00+00:00,0.0,0.008494292655602174,478.0,1149.3290845801687,478.0,1149.3375788728242
2025-10-12 19:00:00+00:00,0.0,0.006126638136551568,424.0,991.5739592341957,424.0,991.5800858723323
2025-10-12 20:00:00+00:00,0.0,0.004863382288098189,382.0,1055.0912521154828,382.0,1055.0961154977708
2025-10-12 21:00:00+00:00,0.0,0.004863382288098189,352.0,1112.6859092543814,352.0,1112.6907726366694
2025-10-12 22:00:00+00:00,0.0,0.004863382288098189,329.0,1022.1780943700937,329.0,1022.1829577523819
2025-10-12 23:00:00+00:00,0.0,0.00492547436426814,300.0,1029.2030723305197,300.0,1029.207997804884
2025-10-13 00:00:00+00:00,0.0,0.005445698798375777,273.0,976.6910691341457,273.0,976.696514832944
2025-10-13 01:00:00+00:00,0.0,0.015172316748293287,258.0,847.5206288765874,258.0,847.5358011933356
2025-10-13 02:00:00+00:00,0.0,0.01532366457970547,260.0,756.0997876981874,260.0,756.115111362767
2025-10-13 03:00:00+00:00,0.0,0.048699292976423385,228.0,722.4043994143171,228.0,722.4530987072935
2025-10-13 04:00:00+00:00,32.0,26.982574172918522,201.0,634.0311138849223,233.0,661.0136880578408
2025-10-13 05:00:00+00:00,811.0,580.2714468658882,202.0,458.77468348565935,1013.0,1039.0461303515476
2025-10-13 06:00:00+00:00,2295.0,1635.9728883290716,199.0,212.94520686374938,2494.0,1848.918095192821
2025-10-13 07:00:00+00:00,3602.0,2134.9064654182653,169.0,0.0,3771.0,2134.9064654182653
2025-10-13 08:00:00+00:00,4249.0,2989.3282651152313,160.0,0.0,4409.0,2989.3282651152313
2025-10-13 09:00:00+00:00,4351.0,3320.948421907029,138.0,0.0,4489.0,3320.948421907029
2025-10-13 10:00:00+00:00,4442.0,3348.843878259472,132.0,0.0,4574.0,3348.843878259472
2025-10-13 11:00:00+00:00,4084.0,3604.042138676666,158.0,0.0,4242.0,3604.042138676666
2025-10-13 12:00:00+00:00,3534.0,2825.297557111615,159.0,58.591063886080974,3693.0,2883.888620997696
2025-10-13 13:00:00+00:00,2607.0,2344.6607887013456,163.0,148.3278383562697,2770.0,2492.9886270576153
2025-10-13 14:00:00+00:00,1201.0,1453.0069877370502,167.0,113.37296423153884,1368.0,1566.379951968589
2025-10-13 15:00:00+00:00,173.0,218.10605291410297,185.0,251.34091339840165,358.0,469.4469663125046
2025-10-13 16:00:00+00:00,0.0,3.2329607882282505,198.0,449.7988005368951,198.0,453.03176132512334
2025-10-13 17:00:00+00:00,0.0,0.01358598873078285,198.0,415.2483434749828,198.0,415.26192946371356
2025-10-13 18:00:00+00:00,0.0,0.008556384731772126,205.0,404.2072714416407,205.0,404.2158278263725
2025-10-13 19:00:00+00:00,0.0,0.008457657013716749,185.0,259.8123758727595,185.0,259.8208335297732
2025-10-13 20:00:00+00:00,0.0,0.015172316748293287,182.0,203.04652905754733,182.0,203.06170137429564
2025-10-13 21:00:00+00:00,0.0,0.01311972590604531,196.0,180.79527905108944,196.0,180.8083987769955
2025-10-13 22:00:00+00:00,0.0,0.007650822263396526,222.0,235.3042100603799,222.0,235.3118608826433
2025-10-13 23:00:00+00:00,0.0,0.007588730187226575,248.0,245.46657799910224,248.0,245.47416672928946
2025-10-14 00:00:00+00:00,0.0,0.004863382288098189,361.0,328.95690669523185,361.0,328.96177007751993
2025-10-14 01:00:00+00:00,0.0,0.004863382288098189,513.0,364.232104381642,513.0,364.23696776393007
2025-10-14 02:00:00+00:00,0.0,0.005014730119510373,559.0,452.40348470520166,559.0,452.4084994353212
2025-10-14 03:00:00+00:00,0.0,0.05249238957257971,613.0,465.57067513428956,613.0,465.62316752386215
2025-10-14 04:00:00+00:00,14.0,31.55310665072122,623.0,476.3684139947593,637.0,507.92152064548054
2025-10-14 05:00:00+00:00,542.0,772.5683469867772,548.0,538.3263920919339,1090.0,1310.8947390787112
2025-10-14 06:00:00+00:00,1933.0,2260.2107687415482,404.0,460.6586672783701,2337.0,2720.8694360199183
2025-10-14 07:00:00+00:00,3213.0,3020.518191564947,307.0,287.6471686226241,3520.0,3308.165360187571
2025-10-14 08:00:00+00:00,4031.0,3546.621532338379,267.0,198.1458821277056,4298.0,3744.7674144660846
2025-10-14 09:00:00+00:00,4423.0,3659.150622680897,199.0,74.4170069872423,4622.0,3733.5676296681395
2025-10-14 10:00:00+00:00,4585.0,3770.785516547592,171.0,12.066166187319823,4756.0,3782.851682734912
2025-10-14 11:00:00+00:00,4417.0,3556.7916483112103,201.0,0.0,4618.0,3556.7916483112103
2025-10-14 12:00:00+00:00,4026.0,2988.4823711939052,198.0,190.65182447376992,4224.0,3179.134195667675
2025-10-14 13:00:00+00:00,3080.0,2289.328210991845,194.0,185.20649339485976,3274.0,2474.534704386705
2025-10-14 14:00:00+00:00,1601.0,1060.2764129699528,199.0,143.03785490416476,1800.0,1203.3142678741176
2025-10-14 15:00:00+00:00,230.0,147.474341831814,171.0,150.40785330135054,401.0,297.88219513316454
2025-10-14 16:00:00+00:00,0.0,3.2132455766605825,168.0,284.13237161815994,168.0,287.34561719482053
2025-10-14 17:00:00+00:00,0.0,0.039513927520625866,141.0,282.52491001956867,141.0,282.56442394708927
2025-10-14 18:00:00+00:00,0.0,0.014489893309268089,146.0,285.96221040090165,146.0,285.9767002942109
2025-10-14 19:00:00+00:00,0.0,0.020161625666442376,139.0,228.75393697726554,139.0,228.77409860293199
2025-10-14 20:00:00+00:00,0.0,0.013177640963960369,108.0,164.73401516172294,108.0,164.7471928026869
2025-10-14 21:00:00+00:00,0.0,0.019647888201791804,96.0,260.1153378588483,96.0,260.1349857470501
2025-10-14 22:00:00+00:00,0.0,0.004863382288098189,92.0,373.2769140497186,92.0,373.28177743200666
2025-10-14 23:00:00+00:00,0.0,0.004863382288098189,99.0,449.4783736039809,99.0,449.483236986269
2025-10-15 00:00:00+00:00,0.0,0.004863382288098189,111.0,530.7402019905035,111.0,530.7450653727916
2025-10-15 01:00:00+00:00,0.0,0.004863382288098189,165.0,715.890265337837,165.0,715.8951287201252
2025-10-15 02:00:00+00:00,0.0,0.005014730119510373,276.0,761.6502327225211,276.0,761.6552474526405
2025-10-15 03:00:00+00:00,0.0,0.03232294252042964,350.0,808.2191572978003,350.0,808.2514802403207
2025-10-15 04:00:00+00:00,9.0,13.45945015221583,388.0,790.7508420423471,397.0,804.210292194563
2025-10-15 05:00:00+00:00,470.0,542.0926196136522,421.0,770.3221486388895,891.0,1312.4147682525418
2025-10-15 06:00:00+00:00,1728.0,2067.9260907426315,381.0,628.2490722281784,2109.0,2696.1751629708097
2025-10-15 07:00:00+00:00,3073.0,3067.656021767233,364.0,418.31824328934556,3437.0,3485.9742650565786
2025-10-15 08:00:00+00:00,4122.0,3473.8820418800233,330.0,119.47873323851081,4452.0,3593.360775118534
2025-10-15 09:00:00+00:00,4194.0,3773.8727896169626,281.0,100.67757925660112,4475.0,3874.5503688735635
2025-10-15 10:00:00+00:00,4327.0,3736.5239715244884,268.0,187.6510863186793,4595.0,3924.1750578431675
2025-10-15 11:00:00+00:00,4133.0,3739.2143901879263,299.0,335.31277667831273,4432.0,4074.527166866239
2025-10-15 12:00:00+00:00,3321.0,3514.259402422571,323.0,575.7247039348804,3644.0,4089.9841063574513
2025-10-15 13:00:00+00:00,2399.0,2711.864592332115,317.0,696.5376562338655,2716.0,3408.4022485659807
2025-10-15 14:00:00+00:00,1107.0,1422.2811895992418,404.0,796.382922459841,1511.0,2218.664112059083
2025-10-15 15:00:00+00:00,138.0,219.60868489215412,516.0,845.426114395209,654.0,1065.034799287363
2025-10-15 16:00:00+00:00,0.0,3.205692635253756,622.0,1014.171456869598,622.0,1017.3771495048518
2025-10-15 17:00:00+00:00,0.0,0.022351081497962187,697.0,1071.1212285793365,697.0,1071.1435796608346
2025-10-15 18:00:00+00:00,0.0,0.008494292655602174,642.0,967.2535393266123,642.0,967.262033619268
2025-10-15 19:00:00+00:00,0.0,0.006126638136551568,683.0,952.1464324415913,683.0,952.1525590797279
2025-10-15 20:00:00+00:00,0.0,0.004921297346013247,753.0,797.4772790395596,753.0,797.4822003369055
2025-10-15 21:00:00+00:00,0.0,0.004921297346013247,817.0,687.2355463776947,817.0,687.2404676750407
2025-10-15 22:00:00+00:00,0.0,0.0049833894221831985,859.0,640.6621108075694,859.0,640.6670941969916
2025-10-15 23:00:00+00:00,0.0,0.0049833894221831985,889.0,698.6916512463879,889.0,698.69663463581
2025-10-16 00:00:00+00:00,0.0,0.0049833894221831985,995.0,767.5612810113851,995.0,767.5662644008072
2025-10-16 01:00:00+00:00,0.0,0.0049833894221831985,1135.0,907.9984092069444,1135.0,908.0033925963666
2025-10-16 02:00:00+00:00,0.0,0.005076822195680325,1356.0,987.5650542335429,1356.0,987.5701310557386
2025-10-16 03:00:00+00:00,0.0,0.050024334013456205,1510.0,1025.7319439856317,1510.0,1025.781968319645
2025-10-16 04:00:00+00:00,8.0,7.842321774820595,1632.0,1161.9589692002103,1640.0,1169.801290975031
2025-10-16 05:00:00+00:00,342.0,676.8443076335077,1633.0,1194.3557736582823,1975.0,1871.20008129179
2025-10-16 06:00:00+00:00,1016.0,1288.6181362174893,1615.0,1097.1363497159832,2631.0,2385.7544859334726
2025-10-16 07:00:00+00:00,1694.0,2256.996589242641,1556.0,1108.0869161750481,3250.0,3365.0835054176896
2025-10-16 08:00:00+00:00,1992.0,2828.4873745261993,1595.0,963.4875409022875,3587.0,3791.974915428487
2025-10-16 09:00:00+00:00,2148.0,3036.220624195185,1587.0,962.213142737075,3735.0,3998.43376693226
2025-10-16 10:00:00+00:00,2245.0,3172.876749149676,1581.0,1025.2504725956371,3826.0,4198.127221745313
2025-10-16 11:00:00+00:00,2079.0,3104.707503489921,1588.0,1081.0198301498658,3667.0,4185.727333639787
2025-10-16 12:00:00+00:00,1672.0,3169.5860900976845,1669.0,1109.2427908801058,3341.0,4278.8288809777905
2025-10-16 13:00:00+00:00,1095.0,2539.4370748835477,1737.0,1127.2748345973878,2832.0,3666.7119094809354
2025-10-16 14:00:00+00:00,428.0,1006.7926292854443,1794.0,1214.8676788691837,2222.0,2221.660308154628
2025-10-16 15:00:00+00:00,51.0,164.7864807671641,1825.0,1185.808480108916,1876.0,1350.5949608760802
2025-10-16 16:00:00+00:00,0.0,3.0086995386411246,1900.0,1170.5293068902133,1900.0,1173.5380064288545
2025-10-16 17:00:00+00:00,0.0,0.0136480808069528,2011.0,1140.4052867390578,2011.0,1140.4189348198647
2025-10-16 18:00:00+00:00,0.0,0.008556384731772126,2014.0,1086.6543133687187,2014.0,1086.6628697534504
2025-10-16 19:00:00+00:00,0.0,0.006188730212721521,2012.0,1046.5829062813846,2012.0,1046.5890950115972
2025-10-16 20:00:00+00:00,0.0,0.00492547436426814,1865.0,1042.244997751497,1865.0,1042.2499232258613
2025-10-16 21:00:00+00:00,0.0,0.00492547436426814,1680.0,1022.7031295767379,1680.0,1022.7080550511022
2025-10-16 22:00:00+00:00,0.0,0.00492547436426814,1507.0,995.6088312890734,1507.0,995.6137567634377
2025-10-16 23:00:00+00:00,0.0,0.004863382288098189,1482.0,916.5602035309323,1482.0,916.5650669132204
2025-10-17 00:00:00+00:00,0.0,0.004863382288098189,1502.0,1001.1011009137902,1502.0,1001.1059642960784
2025-10-17 01:00:00+00:00,0.0,0.004863382288098189,1394.0,1022.9858681012255,1394.0,1022.9907314835136
2025-10-17 02:00:00+00:00,0.0,0.005014730119510373,1320.0,1055.591174715304,1320.0,1055.5961894454235
2025-10-17 03:00:00+00:00,0.0,0.048840951098029085,1217.0,1106.0662020534937,1217.0,1106.1150430045918
2025-10-17 04:00:00+00:00,4.0,9.15572699634985,1104.0,1096.7506414822603,1108.0,1105.9063684786101
2025-10-17 05:00:00+00:00,148.0,649.1618171261972,1067.0,1130.0705680049914,1215.0,1779.2323851311885
2025-10-17 06:00:00+00:00,563.0,2169.8756961657778,1008.0,1121.6563435706892,1571.0,3291.5320397364667
2025-10-17 07:00:00+00:00,1103.0,3153.7907833358586,939.0,937.7971594652713,2042.0,4091.58794280113
2025-10-17 08:00:00+00:00,1343.0,3487.7491275138605,883.0,604.050116755935,2226.0,4091.7992442697955
2025-10-17 09:00:00+00:00,1445.0,3531.9719038018097,845.0,650.3457874256493,2290.0,4182.317691227459
2025-10-17 10:00:00+00:00,1408.0,3653.368003422822,785.0,884.933241983875,2193.0,4538.301245406697
2025-10-17 11:00:00+00:00,1010.0,3276.3160936039003,816.0,841.7086051624091,1826.0,4118.0246987663095
2025-10-17 12:00:00+00:00,848.0,2781.5219508794667,778.0,755.1203177639942,1626.0,3536.6422686434607
2025-10-17 13:00:00+00:00,501.0,1244.7857008730145,760.0,927.7835526850988,1261.0,2172.5692535581134
2025-10-17 14:00:00+00:00,231.0,1173.8515622788932,717.0,805.385977355473,948.0,1979.2375396343662
2025-10-17 15:00:00+00:00,29.0,115.64337637693465,690.0,592.4345385807293,719.0,708.0779149576639
2025-10-17 16:00:00+00:00,0.0,3.238602510404687,727.0,734.4376678769133,727.0,737.676270387318
2025-10-17 17:00:00+00:00,0.0,0.01747817082369721,708.0,737.4444729302113,708.0,737.461951101035
2025-10-17 18:00:00+00:00,0.0,0.009507955486015273,588.0,660.1286235217818,588.0,660.1381314772678
2025-10-17 19:00:00+00:00,0.0,0.007140300966964667,509.0,707.5474659846357,509.0,707.5546062856026
2025-10-17 20:00:00+00:00,0.0,0.005866096856267655,467.0,579.5907088166401,467.0,579.5965749134964
2025-10-17 21:00:00+00:00,0.0,0.021015881344540858,385.0,445.6287839538454,385.0,445.64979983519
2025-10-17 22:00:00+00:00,0.0,0.013602216040107142,350.0,257.89221102720046,350.0,257.9058132432406
2025-10-17 23:00:00+00:00,0.0,0.013602216040107142,317.0,233.65973585709798,317.0,233.6733380731381
2025-10-18 00:00:00+00:00,0.0,0.013602216040107142,334.0,228.62159993348234,334.0,228.63520214952246
2025-10-18 01:00:00+00:00,0.0,0.013602216040107142,341.0,105.34111252665934,341.0,105.35471474269946
2025-10-18 02:00:00+00:00,0.0,0.013753563871519325,324.0,96.6782761490133,324.0,96.69202971288482
2025-10-18 03:00:00+00:00,0.0,0.03216656527739782,324.0,105.48580936550366,324.0,105.51797593078105
2025-10-18 04:00:00+00:00,4.0,4.932563276916179,330.0,76.55830840777935,334.0,81.49087168469553
2025-10-18 05:00:00+00:00,225.0,257.04947372444406,342.0,162.032964094215,567.0,419.08243781865906
2025-10-18 06:00:00+00:00,900.0,1138.1845741300997,348.0,35.359358168492236,1248.0,1173.543932298592
2025-10-18 07:00:00+00:00,1587.0,1616.629916384926,293.0,19.9013259852793,1880.0,1636.5312423702053
2025-10-18 08:00:00+00:00,2132.0,1778.0583376296913,360.0,1.9059795313794439,2492.0,1779.9643171610708
2025-10-18 09:00:00+00:00,2545.0,2670.695264008175,407.0,135.47275154108502,2952.0,2806.16801554926
2025-10-18 10:00:00+00:00,2959.0,2803.2066550081904,421.0,75.26920637693343,3380.0,2878.4758613851236
2025-10-18 11:00:00+00:00,3144.0,2941.1840220012687,547.0,177.01370370079485,3691.0,3118.1977257020635
2025-10-18 12:00:00+00:00,2513.0,2945.9692974902405,695.0,264.58170814296477,3208.0,3210.551005633205
2025-10-18 13:00:00+00:00,1824.0,1811.2125455622165,800.0,270.51098060213417,2624.0,2081.723526164351
2025-10-18 14:00:00+00:00,983.0,1119.6230206576445,804.0,333.86079451319256,1787.0,1453.483815170837
2025-10-18 15:00:00+00:00,118.0,99.83557925733001,802.0,377.17694442791685,920.0,477.01252368524683
2025-10-18 16:00:00+00:00,0.0,3.335729554148255,793.0,224.1708279054361,793.0,227.50655745958437
2025-10-18 17:00:00+00:00,0.0,0.04440317318708316,913.0,157.8668305018491,913.0,157.9112336750362
2025-10-18 18:00:00+00:00,0.0,0.022998625633786466,1012.0,147.23347736486676,1012.0,147.25647599050055
2025-10-18 19:00:00+00:00,0.0,0.011294901921168131,961.0,189.56102982304242,961.0,189.57232472496358
2025-10-18 20:00:00+00:00,0.0,0.005407964498329975,981.0,300.4382488623586,981.0,300.4436568268569
2025-10-18 21:00:00+00:00,0.0,0.00563691441897889,946.0,417.5629489129875,946.0,417.5685858274065
2025-10-18 22:00:00+00:00,0.0,0.00563691441897889,909.0,517.17557636639,909.0,517.1812132808091
2025-10-18 23:00:00+00:00,0.0,0.005843760592244115,819.0,520.677543712526,819.0,520.6833874731183
2025-10-19 00:00:00+00:00,0.0,0.005407964498329975,682.0,396.59083011303983,682.0,396.59623807753815
2025-10-19 01:00:00+00:00,0.0,0.005407964498329975,798.0,419.7898202897146,798.0,419.79522825421293
2025-10-19 02:00:00+00:00,0.0,0.005559312329742157,678.0,510.0417476805925,678.0,510.04730699292224
2025-10-19 03:00:00+00:00,0.0,0.04918383820431753,579.0,456.8760837657053,579.0,456.9252676039096
2025-10-19 04:00:00+00:00,0.0,5.571944656129005,596.0,347.56624768981214,596.0,353.13819234594115
2025-10-19 05:00:00+00:00,285.0,515.3177470099929,665.0,378.66457200797106,950.0,893.982319017964
2025-10-19 06:00:00+00:00,1196.0,1130.3223354706638,648.0,930.5924646200468,1844.0,2060.9148000907107
2025-10-19 07:00:00+00:00,2250.0,1518.106865086944,747.0,915.0888968654008,2997.0,2433.1957619523446
2025-10-19 08:00:00+00:00,2921.0,1770.080469378126,715.0,936.308391162017,3636.0,2706.388860540143
2025-10-19 09:00:00+00:00,3343.0,1855.9149699201312,621.0,875.8609032818956,3964.0,2731.7758732020266
2025-10-19 10:00:00+00:00,3448.0,1928.0659901315773,536.0,879.8638786779106,3984.0,2807.9298688094877
2025-10-19 11:00:00+00:00,3229.0,1828.44700027757,378.0,1025.3686108359839,3607.0,2853.815611113554
2025-10-19 12:00:00+00:00,2802.0,1665.0538252574602,280.0,1105.8665210267616,3082.0,2770.9203462842215
2025-10-19 13:00:00+00:00,2145.0,1527.3690887540058,240.0,992.005548589492,2385.0,2519.374637343498
2025-10-19 14:00:00+00:00,920.0,1247.7975926590946,193.0,754.8499712355268,1113.0,2002.6475638946213
2025-10-19 15:00:00+00:00,92.0,171.43241729617404,249.0,556.6953111015631,341.0,728.1277283977372
2025-10-19 16:00:00+00:00,0.0,0.5393007797539099,220.0,595.8477374242541,220.0,596.387038204008
2025-10-19 17:00:00+00:00,0.0,0.013802268186060123,215.0,767.4356200898942,215.0,767.4494223580803
2025-10-19 18:00:00+00:00,0.0,0.008710572110879446,236.0,842.8864822931259,236.0,842.8951928652368
2025-10-19 19:00:00+00:00,0.0,0.006342917591828843,280.0,799.0683024274095,280.0,799.0746453450014
2025-10-19 20:00:00+00:00,0.0,0.0050175696672055126,277.0,715.1277230266531,277.0,715.1327405963203
2025-10-19 21:00:00+00:00,0.0,0.0050175696672055126,304.0,592.008229954922,304.0,592.0132475245891
2025-10-19 22:00:00+00:00,0.0,0.0050175696672055126,331.0,626.7819847715889,331.0,626.7870023412561
2025-10-19 23:00:00+00:00,0.0,0.0050796617433754646,465.0,807.8926928882656,465.0,807.897772550009
2025-10-20 00:00:00+00:00,0.0,0.0050796617433754646,460.0,932.3732593564212,460.0,932.3783390181645
2025-10-20 01:00:00+00:00,0.0,0.0050796617433754646,576.0,759.7522385606183,576.0,759.7573182223616
2025-10-20 02:00:00+00:00,0.0,0.005231009574787647,631.0,747.7418848073296,631.0,747.7471158169044
2025-10-20 03:00:00+00:00,0.0,0.03507411893658863,688.0,752.4038439628271,688.0,752.4389180817636
2025-10-20 04:00:00+00:00,0.0,0.88395995420552,599.0,747.6942418541629,599.0,748.5782018083684
2025-10-20 05:00:00+00:00,256.0,358.0499828516867,623.0,694.1969922966299,879.0,1052.2469751483166
2025-10-20 06:00:00+00:00,961.0,1699.0119909903233,653.0,619.492124583753,1614.0,2318.5041155740764
2025-10-20 07:00:00+00:00,1601.0,2195.7116520112672,538.0,586.4183589265554,2139.0,2782.1300109378226
2025-10-20 08:00:00+00:00,2250.0,2379.9553509295097,436.0,590.0944462229816,2686.0,2970.049797152491
2025-10-20 09:00:00+00:00,2792.0,2354.1814233462205,352.0,612.6791800517201,3144.0,2966.8606033979404
2025-10-20 10:00:00+00:00,2777.0,2416.129957137906,376.0,521.8343604927179,3153.0,2937.9643176306236
2025-10-20 11:00:00+00:00,2390.0,2609.033387001791,373.0,392.58745238059817,2763.0,3001.6208393823895
2025-10-20 12:00:00+00:00,1773.0,2451.622647771613,378.0,371.56102970549887,2151.0,2823.183677477112
2025-10-20 13:00:00+00:00,1130.0,1547.113335290215,372.0,465.16459291261674,1502.0,2012.2779282028318
2025-10-20 14:00:00+00:00,527.0,824.6874237561233,331.0,311.9988817809374,858.0,1136.6863055370607
2025-10-20 15:00:00+00:00,56.0,109.25285145181196,319.0,337.0942731183634,375.0,446.34712457017537
2025-10-20 16:00:00+00:00,0.0,0.7778542959574384,285.0,395.90045908809327,285.0,396.6783133840507
2025-10-20 17:00:00+00:00,0.0,0.023722795284658454,245.0,251.88672335312435,245.0,251.91044614840902
2025-10-20 18:00:00+00:00,0.0,0.008556384731772126,214.0,399.090872309652,214.0,399.0994286943838
2025-10-20 19:00:00+00:00,0.0,0.006126638136551568,209.0,330.08012451149375,209.0,330.0862511496303
2025-10-20 20:00:00+00:00,0.0,0.004863382288098189,183.0,307.8770859654444,183.0,307.8819493477325
2025-10-20 21:00:00+00:00,0.0,0.004863382288098189,151.0,261.0045809327039,151.0,261.009444314992
2025-10-20 22:00:00+00:00,0.0,0.015172316748293287,131.0,201.27732401760852,131.0,201.29249633435683
2025-10-20 23:00:00+00:00,0.0,0.01761972590604531,124.0,168.22600737498533,124.0,168.2436271008914
2025-10-21 00:00:00+00:00,0.0,0.004863382288098189,129.0,479.4035520358433,129.0,479.40841541813137
2025-10-21 01:00:00+00:00,0.0,0.004863382288098189,134.0,505.76690329158885,134.0,505.7717666738769
2025-10-21 02:00:00+00:00,0.0,0.005014730119510373,173.0,545.5863941322509,173.0,545.5914088623704
2025-10-21 03:00:00+00:00,0.0,0.03232294252042964,168.0,504.3104993420143,168.0,504.3428222845347
2025-10-21 04:00:00+00:00,0.0,0.8758513451066118,169.0,393.59599015696324,169.0,394.4718415020699
2025-10-21 05:00:00+00:00,234.0,373.62750399503363,170.0,561.9764411734354,404.0,935.6039451684691
2025-10-21 06:00:00+00:00,837.0,1686.861729435441,142.0,604.1300020780027,979.0,2290.9917315134435
2025-10-21 07:00:00+00:00,1650.0,2370.945300905571,154.0,376.58738202962513,1804.0,2747.532682935196
2025-10-21 08:00:00+00:00,2321.0,2380.329160143454,164.0,376.394417226551,2485.0,2756.723577370005
2025-10-21 09:00:00+00:00,2905.0,2653.53339493853,148.0,257.5610630548824,3053.0,2911.094457993412
2025-10-21 10:00:00+00:00,3018.0,2777.937325719652,135.0,266.91927803427063,3153.0,3044.8566037539226
2025-10-21 11:00:00+00:00,2794.0,2740.2885255633723,150.0,282.27141730088897,2944.0,3022.5599428642613
2025-10-21 12:00:00+00:00,2321.0,2900.5195784156003,153.0,135.6906154474866,2474.0,3036.2101938630867
2025-10-21 13:00:00+00:00,1653.0,1862.0136616634527,156.0,19.40342818881072,1809.0,1881.4170898522634
2025-10-21 14:00:00+00:00,777.0,1158.6473226211785,169.0,120.08460910850249,946.0,1278.731931729681
2025-10-21 15:00:00+00:00,81.0,125.6025435324589,191.0,253.98743574714797,272.0,379.58997927960684
2025-10-21 16:00:00+00:00,0.0,3.2312210478003407,198.0,266.4723895997216,198.0,269.70361064752194
2025-10-21 17:00:00+00:00,0.0,0.02571891288990006,201.0,230.9102979521922,201.0,230.9360168650821
2025-10-21 18:00:00+00:00,0.0,0.009507955486015273,198.0,230.02863990661876,198.0,230.03814786210478
2025-10-21 19:00:00+00:00,0.0,0.007140300966964667,210.0,250.33311698969362,210.0,250.3402572906606
2025-10-21 20:00:00+00:00,0.0,0.0054037874800750806,228.0,288.79032148096155,228.0,288.79572526844163
2025-10-21 21:00:00+00:00,0.0,0.0054037874800750806,275.0,250.4985686996181,275.0,250.50397248709817
2025-10-21 22:00:00+00:00,0.0,0.0136601310980222,331.0,38.27925472977904,331.0,38.29291486087706
2025-10-21 23:00:00+00:00,0.0,0.0136601310980222,359.0,30.719540914854406,359.0,30.733201045952427
2025-10-22 00:00:00+00:00,0.0,0.018160131098022204,337.0,113.35895516222786,337.0,113.37711529332589
2025-10-22 01:00:00+00:00,0.0,0.0136601310980222,379.0,46.34655650174636,379.0,46.360216632844384
2025-10-22 02:00:00+00:00,0.0,0.013811478929434382,422.0,31.702095453137645,422.0,31.715906932067078
2025-10-22 03:00:00+00:00,0.0,0.033349948192824934,472.0,0.0,472.0,0.033349948192824934
2025-10-22 04:00:00+00:00,7.0,0.6425764674337693,495.0,0.0,502.0,0.6425764674337693
2025-10-22 05:00:00+00:00,335.0,413.9066156771074,565.0,215.08311075070844,900.0,628.9897264278159
2025-10-22 06:00:00+00:00,919.0,1345.5228428587923,516.0,197.86495821032509,1435.0,1543.3878010691174
2025-10-22 07:00:00+00:00,1303.0,2239.039018518824,493.0,243.17384488078483,1796.0,2482.212863399609
2025-10-22 08:00:00+00:00,1578.0,2616.804713606247,559.0,154.94076142870495,2137.0,2771.7454750349516
2025-10-22 09:00:00+00:00,1885.0,2923.8391581667483,650.0,160.25620318204665,2535.0,3084.095361348795
2025-10-22 10:00:00+00:00,2326.0,2698.4516233205295,768.0,364.75651810849104,3094.0,3063.2081414290205
2025-10-22 11:00:00+00:00,2487.0,2571.660047608054,906.0,500.95072012794367,3393.0,3072.610767735998
2025-10-22 12:00:00+00:00,2120.0,2471.490269731047,1015.0,154.53861298397374,3135.0,2626.0288827150207
2025-10-22 13:00:00+00:00,1480.0,1699.4508881661966,1051.0,181.1218860494996,2531.0,1880.5727742156962
2025-10-22 14:00:00+00:00,741.0,854.9863273415701,1140.0,295.46655588345607,1881.0,1150.4528832250262
2025-10-22 15:00:00+00:00,70.0,108.92943207904504,1098.0,133.34092643818462,1168.0,242.27035851722968
2025-10-22 16:00:00+00:00,0.0,3.5349717808366643,904.0,60.25791412728631,904.0,63.792885908122976
2025-10-22 17:00:00+00:00,0.0,0.04726273030372721,822.0,0.0,822.0,0.04726273030372721
2025-10-22 18:00:00+00:00,0.0,0.022139150182480683,828.0,209.17627339240744,828.0,209.19841254258992
2025-10-22 19:00:00+00:00,0.0,0.006342917591828843,692.0,309.4091424451908,692.0,309.41548536278265
2025-10-22 20:00:00+00:00,0.0,0.0078050096425038495,706.0,285.03065101420884,706.0,285.0384560238513
2025-10-22 21:00:00+00:00,0.0,0.01532650412740061,772.0,250.83894508209312,772.0,250.8542715862205
2025-10-22 22:00:00+00:00,0.0,0.0050796617433754646,764.0,412.2616817415417,764.0,412.26676140328505
2025-10-22 23:00:00+00:00,0.0,0.005599886177483099,696.0,368.7192198490086,696.0,368.7248197351861
2025-10-23 00:00:00+00:00,0.0,0.017773913285152636,688.0,257.9134965567715,688.0,257.9312704700567
2025-10-23 01:00:00+00:00,0.0,0.01532650412740061,703.0,295.0557464738506,703.0,295.071072977978
2025-10-23 02:00:00+00:00,0.0,0.007956357473916034,555.0,336.2204483654682,555.0,336.2284047229421
2025-10-23 03:00:00+00:00,0.0,0.05017852139256354,494.0,423.45202712255036,494.0,423.50220564394294
2025-10-23 04:00:00+00:00,0.0,10.974052327192203,465.0,287.32056866225867,465.0,298.2946209894509
2025-10-23 05:00:00+00:00,423.0,320.05131840617554,434.0,227.53110672350851,857.0,547.582425129684
2025-10-23 06:00:00+00:00,1563.0,952.1239684473453,432.0,303.4709132168375,1995.0,1255.5948816641828
2025-10-23 07:00:00+00:00,2823.0,1412.1924702061574,529.0,288.46027164303996,3352.0,1700.6527418491974
2025-10-23 08:00:00+00:00,3641.0,1745.5712122880939,556.0,410.28535653447636,4197.0,2155.8565688225704
2025-10-23 09:00:00+00:00,4140.0,2354.3530996148997,591.0,587.9875857395539,4731.0,2942.340685354454
2025-10-23 10:00:00+00:00,4119.0,2496.4812264811712,749.0,659.7146204075309,4868.0,3156.1958468887024
2025-10-23 11:00:00+00:00,4181.0,2432.710876167379,905.0,871.9259038082232,5086.0,3304.636779975602
2025-10-23 12:00:00+00:00,3515.0,2352.488502635484,940.0,764.7957586364334,4455.0,3117.284261271918
2025-10-23 13:00:00+00:00,2383.0,1801.0726839096085,1100.0,616.7759401386548,3483.0,2417.8486240482634
2025-10-23 14:00:00+00:00,1036.0,1060.4607539036842,1117.0,683.4148991272388,2153.0,1743.8756530309229
2025-10-23 15:00:00+00:00,65.0,128.51579933449176,1175.0,928.204174043658,1240.0,1056.7199733781497
2025-10-23 16:00:00+00:00,0.0,3.1829147111486686,1327.0,831.2263902518721,1327.0,834.4093049630208
2025-10-23 17:00:00+00:00,0.0,0.01747817082369721,1486.0,754.9908546903216,1486.0,755.0083328611453
2025-10-23 18:00:00+00:00,0.0,0.009507955486015273,1565.0,753.4004414676186,1565.0,753.4099494231046
2025-10-23 19:00:00+00:00,0.0,0.007202393043134619,1709.0,801.6644670555793,1709.0,801.6716694486224
2025-10-23 20:00:00+00:00,0.0,0.005407964498329975,1935.0,825.8186011510833,1935.0,825.8240091155816
2025-10-23 21:00:00+00:00,0.0,0.005407964498329975,2116.0,976.8251790996746,2116.0,976.830587064173
2025-10-23 22:00:00+00:00,0.0,0.005407964498329975,2239.0,1155.408369602622,2239.0,1155.4137775671204
2025-10-23 23:00:00+00:00,0.0,0.005345872422160022,2383.0,1110.5096565776616,2383.0,1110.5150024500838
2025-10-24 00:00:00+00:00,0.0,0.005345872422160022,2513.0,1074.8163302211237,2513.0,1074.8216760935459
2025-10-24 01:00:00+00:00,0.0,0.005345872422160022,2672.0,1086.8693809879082,2672.0,1086.8747268603304
2025-10-24 02:00:00+00:00,0.0,0.005497220253572205,2847.0,968.622501122047,2847.0,968.6279983423005
2025-10-24 03:00:00+00:00,0.0,0.04918383820431753,2936.0,846.0845220349535,2936.0,846.1337058731577
2025-10-24 04:00:00+00:00,5.0,0.342357847899722,3017.0,830.9587990662994,3022.0,831.3011569141992
2025-10-24 05:00:00+00:00,437.0,474.134299496811,2994.0,972.9973057077485,3431.0,1447.1316052045595
2025-10-24 06:00:00+00:00,1339.0,1558.1406920558074,2987.0,961.957904704168,4326.0,2520.0985967599754
2025-10-24 07:00:00+00:00,2140.0,2506.5577185640386,2959.0,1060.7275188750702,5099.0,3567.2852374391086
2025-10-24 08:00:00+00:00,2867.0,3107.495935521928,2791.0,1291.2660434064255,5658.0,4398.7619789283535
2025-10-24 09:00:00+00:00,3337.0,3498.8639876086218,2695.0,1318.483250282154,6032.0,4817.347237890775
2025-10-24 10:00:00+00:00,3675.0,3541.430424611817,2250.0,1571.5746074891415,5925.0,5113.0050321009585
2025-10-24 11:00:00+00:00,3655.0,3628.470531537257,2073.0,1938.2344969818464,5728.0,5566.7050285191035
2025-10-24 12:00:00+00:00,3356.0,3402.466340166875,1963.0,1857.2287020745696,5319.0,5259.695042241445
2025-10-24 13:00:00+00:00,2624.0,2226.3125887181914,2077.0,1666.2614914565893,4701.0,3892.5740801747806
2025-10-24 14:00:00+00:00,1395.0,1073.1467464491893,2549.0,1718.9704431799933,3944.0,2792.1171896291826
2025-10-24 15:00:00+00:00,114.0,84.03719788512937,2729.0,1773.5334744389602,2843.0,1857.5706723240896
2025-10-24 16:00:00+00:00,0.0,3.196481989866682,2483.0,1919.4866380423068,2483.0,1922.6831200321735
2025-10-24 17:00:00+00:00,0.0,0.01358598873078285,2325.0,1815.8369915340409,2325.0,1815.8505775227716
2025-10-24 18:00:00+00:00,0.0,0.008556384731772126,2236.0,1660.8081625416737,2236.0,1660.8167189264054
2025-10-24 19:00:00+00:00,0.0,0.006126638136551568,2172.0,1841.546450560858,2172.0,1841.5525771989944
2025-10-24 20:00:00+00:00,0.0,0.004863382288098189,1965.0,1718.3051122047132,1965.0,1718.3099755870012
2025-10-24 21:00:00+00:00,0.0,0.004863382288098189,1728.0,1506.6007627717936,1728.0,1506.6056261540816
2025-10-24 22:00:00+00:00,0.0,0.004863382288098189,1418.0,1412.3990904649559,1418.0,1412.4039538472439
2025-10-24 23:00:00+00:00,0.0,0.004863382288098189,1308.0,1282.219182362941,1308.0,1282.224045745229
2025-10-25 00:00:00+00:00,0.0,0.004863382288098189,1247.0,1443.0934501623028,1247.0,1443.0983135445908
2025-10-25 01:00:00+00:00,0.0,0.004863382288098189,1261.0,1637.7059046270078,1261.0,1637.7107680092959
2025-10-25 02:00:00+00:00,0.0,0.005014730119510373,1248.0,1659.7342168809528,1248.0,1659.7392316110722
2025-10-25 03:00:00+00:00,0.0,0.05935219059382739,1113.0,1582.8632165898593,1113.0,1582.9225687804533
2025-10-25 04:00:00+00:00,5.0,6.1891775545141146,1010.0,1339.8415821133456,1015.0,1346.0307596678597
2025-10-25 05:00:00+00:00,642.0,486.69042807929503,865.0,1146.3610394699783,1507.0,1633.0514675492734
2025-10-25 06:00:00+00:00,2572.0,1517.7196508529375,723.0,1047.4224684231908,3295.0,2565.142119276128
2025-10-25 07:00:00+00:00,4193.0,2313.8590805533368,477.0,1029.368375601287,4670.0,3343.2274561546237
2025-10-25 08:00:00+00:00,4259.0,3280.62486407405,297.0,1075.5689146295488,4556.0,4356.193778703599
2025-10-25 09:00:00+00:00,4491.0,3582.216157490471,249.0,1062.2753246966745,4740.0,4644.491482187145
2025-10-25 10:00:00+00:00,4712.0,3704.508693413039,288.0,887.9110353321635,5000.0,4592.4197287452025
2025-10-25 11:00:00+00:00,4550.0,3690.0114792759214,321.0,893.8987799194849,4871.0,4583.910259195406
2025-10-25 12:00:00+00:00,4146.0,3695.8743873771286,441.0,794.1137246884629,4587.0,4489.988112065592
2025-10-25 13:00:00+00:00,3110.0,3051.6053304843003,843.0,748.7179201263115,3953.0,3800.323250610612
2025-10-25 14:00:00+00:00,1311.0,1601.3748384480414,997.0,821.3741226245675,2308.0,2422.748961072609
2025-10-25 15:00:00+00:00,80.0,125.76228067934038,1036.0,768.0401228602186,1116.0,893.802403539559
2025-10-25 16:00:00+00:00,0.0,3.25467778900975,1039.0,726.0156933663295,1039.0,729.2703711553393
2025-10-25 17:00:00+00:00,0.0,0.03908641928916223,1018.0,637.7566486061671,1018.0,637.7957350254562
2025-10-25 18:00:00+00:00,0.0,0.008556384731772126,1200.0,938.1087835625437,1200.0,938.1173399472755
2025-10-25 19:00:00+00:00,0.0,0.006188730212721521,1226.0,850.1344460797409,1226.0,850.1406348099536
2025-10-25 20:00:00+00:00,0.0,0.00492547436426814,1218.0,715.2630228188304,1218.0,715.2679482931948
2025-10-25 21:00:00+00:00,0.0,0.00492547436426814,1213.0,996.9079449465107,1213.0,996.912870420875
2025-10-25 22:00:00+00:00,0.0,0.00492547436426814,1229.0,935.1332080015694,1229.0,935.1381334759337
2025-10-25 23:00:00+00:00,0.0,0.00492547436426814,1219.0,807.8111027706813,1219.0,807.8160282450456
2025-10-26 00:00:00+00:00,0.0,0.004863382288098189,1433.0,805.8133505855128,1433.0,805.818213967801
2025-10-26 01:00:00+00:00,0.0,0.004863382288098189,1673.0,954.9240423053616,1673.0,954.9289056876497
2025-10-26 02:00:00+00:00,0.0,0.005014730119510373,1738.0,1039.999602793985,1738.0,1040.0046175241046
2025-10-26 03:00:00+00:00,443.0,0.048840951098029085,1897.0,978.8779848976696,2340.0,978.9268258487676
2025-10-26 04:00:00+00:00,1545.0,4.513452959144401,1785.0,988.7421665441148,3330.0,993.2556195032591
2025-10-26 05:00:00+00:00,2436.0,639.7883275366901,1822.0,960.7820768542776,4258.0,1600.5704043909677
2025-10-26 06:00:00+00:00,2956.0,2337.1828630518103,1926.0,954.1792332872157,4882.0,3291.362096339026
2025-10-26 07:00:00+00:00,3224.0,3772.4175190479873,1992.0,790.771132721336,5216.0,4563.188651769324
2025-10-26 08:00:00+00:00,3043.0,3870.468482338179,2050.0,716.63453146455,5093.0,4587.103013802729
2025-10-26 09:00:00+00:00,2774.0,4018.2429805950173,2414.0,766.3376162930681,5188.0,4784.580596888085
2025-10-26 10:00:00+00:00,2317.0,3943.8616547854895,2386.0,908.4443111301503,4703.0,4852.30596591564
2025-10-26 11:00:00+00:00,1742.0,3851.5904663749934,2444.0,1174.3481615906767,4186.0,5025.93862796567
2025-10-26 12:00:00+00:00,834.0,3683.7361595008174,2602.0,1311.2525999328402,3436.0,4994.988759433658
2025-10-26 13:00:00+00:00,73.0,2644.3726142534347,2579.0,1498.5124691413296,2652.0,4142.8850833947645
2025-10-26 14:00:00+00:00,0.0,1151.2892284211189,2517.0,1631.60040405809,2517.0,2782.8896324792086
2025-10-26 15:00:00+00:00,0.0,95.32904583090826,2376.0,1671.1469945701563,2376.0,1766.4760404010644
2025-10-26 16:00:00+00:00,0.0,3.2191761480967767,2243.0,1689.1530981049013,2243.0,1692.372274252998
2025-10-26 17:00:00+00:00,0.0,0.01358598873078285,2143.0,1587.704717260799,2143.0,1587.7183032495298
2025-10-26 18:00:00+00:00,0.0,0.008494292655602174,2072.0,1500.9214145011142,2072.0,1500.9299087937698
2025-10-26 19:00:00+00:00,0.0,0.006126638136551568,2218.0,1468.0909784053786,2218.0,1468.097105043515
2025-10-26 20:00:00+00:00,0.0,0.004863382288098189,2042.0,1415.713707535821,2042.0,1415.718570918109
2025-10-26 21:00:00+00:00,0.0,0.004863382288098189,2171.0,1418.4417950009254,2171.0,1418.4466583832134
2025-10-26 22:00:00+00:00,0.0,0.004863382288098189,2328.0,1319.3383742625763,2328.0,1319.3432376448643
2025-10-26 23:00:00+00:00,0.0,0.004863382288098189,2474.0,1274.7668217930036,2474.0,1274.7716851752916
2025-10-27 00:00:00+00:00,0.0,0.004863382288098189,2656.0,1435.5527770755714,2656.0,1435.5576404578594
2025-10-27 01:00:00+00:00,0.0,0.004863382288098189,2828.0,1517.865081714228,2828.0,1517.869945096516
2025-10-27 02:00:00+00:00,0.0,0.005014730119510373,2922.0,1474.7514184640324,2922.0,1474.756433194152
2025-10-27 03:00:00+00:00,0.0,372.9794653183287,2952.0,1525.8497122592198,2952.0,1898.8291775775485
2025-10-27 04:00:00+00:00,0.0,1139.6379923870873,2948.0,1550.9572268617665,2948.0,2690.595219248854
2025-10-27 05:00:00+00:00,259.0,2065.2788748026687,3016.0,1760.3212030790526,3275.0,3825.6000778817215
2025-10-27 06:00:00+00:00,907.0,2256.1848648265354,3110.0,1839.673700611711,4017.0,4095.8585654382464
2025-10-27 07:00:00+00:00,1506.0,2318.7958025218118,3205.0,1877.311688796919,4711.0,4196.107491318731
2025-10-27 08:00:00+00:00,2200.0,2165.2104098096297,3271.0,2000.0145075672726,5471.0,4165.224917376902
2025-10-27 09:00:00+00:00,2439.0,2318.0250879815567,3261.0,2205.586133792452,5700.0,4523.611221774008
2025-10-27 10:00:00+00:00,2334.0,2062.0193535216663,3237.0,2348.972698751695,5571.0,4410.992052273361
2025-10-27 11:00:00+00:00,2713.0,1899.661921737011,3133.0,2535.754795351269,5846.0,4435.41671708828
2025-10-27 12:00:00+00:00,3072.0,1309.121614697382,2832.0,2463.5928637429824,5904.0,3772.7144784403645
2025-10-27 13:00:00+00:00,2671.0,238.22613999802874,2488.0,2300.2096906117486,5159.0,2538.4358306097774
2025-10-27 14:00:00+00:00,1335.0,9.202323054251986,2473.0,2046.492274912886,3808.0,2055.6945979671377
2025-10-27 15:00:00+00:00,85.0,3.9817741877836648,2184.0,1744.6489578079622,2269.0,1748.630731995746
2025-10-27 16:00:00+00:00,0.0,3.2716823816153187,1915.0,1589.0924295661987,1915.0,1592.364111947814
2025-10-27 17:00:00+00:00,0.0,0.013740176109890171,1740.0,1519.2282880597968,1740.0,1519.2420282359067
2025-10-27 18:00:00+00:00,0.0,0.008648480034709494,1648.0,915.5393206000085,1648.0,915.5479690800432
2025-10-27 19:00:00+00:00,0.0,0.006280825515658891,1606.0,1056.186854113342,1606.0,1056.1931349388576
2025-10-27 20:00:00+00:00,0.0,0.0050175696672055126,1472.0,856.7988395354396,1472.0,856.8038571051068
2025-10-27 21:00:00+00:00,0.0,0.0050175696672055126,1439.0,945.6784613864115,1439.0,945.6834789560787
2025-10-27 22:00:00+00:00,0.0,0.0050175696672055126,1518.0,1062.2641265738916,1518.0,1062.2691441435588
2025-10-27 23:00:00+00:00,0.0,0.0050175696672055126,1556.0,1113.360553779178,1556.0,1113.3655713488452
2025-10-28 00:00:00+00:00,0.0,0.0050175696672055126,1573.0,1355.2132660507807,1573.0,1355.218283620448
2025-10-28 01:00:00+00:00,0.0,0.0050175696672055126,1589.0,1365.8739162521272,1589.0,1365.8789338217944
2025-10-28 02:00:00+00:00,0.0,0.005168917498617697,1583.0,1400.7007450431481,1583.0,1400.7059139606467
2025-10-28 03:00:00+00:00,0.0,0.07249651733171915,1506.0,1344.4409047728839,1506.0,1344.5134012902156
2025-10-28 04:00:00+00:00,0.0,0.06657591579274041,1391.0,1076.7811800764723,1391.0,1076.847755992265
2025-10-28 05:00:00+00:00,593.0,388.4248201780863,1264.0,927.1322639582411,1857.0,1315.5570841363274
2025-10-28 06:00:00+00:00,2074.0,1407.4367153624326,933.0,1065.4013186915374,3007.0,2472.8380340539697
2025-10-28 07:00:00+00:00,3011.0,2391.8957308698923,789.0,1024.8390204022476,3800.0,3416.73475127214
2025-10-28 08:00:00+00:00,4300.0,3255.095877669715,761.0,870.321973930709,5061.0,4125.417851600424
2025-10-28 09:00:00+00:00,4255.0,3401.771608693419,690.0,907.5391627687385,4945.0,4309.310771462157
2025-10-28 10:00:00+00:00,4101.0,3425.3625810063986,733.0,1078.6154267911436,4834.0,4503.978007797542
2025-10-28 11:00:00+00:00,3986.0,2912.859573246124,795.0,1321.4572156004922,4781.0,4234.316788846616
2025-10-28 12:00:00+00:00,3515.0,3110.3032693806745,862.0,1335.1017575756755,4377.0,4445.40502695635
2025-10-28 13:00:00+00:00,2852.0,3128.2240254886915,1000.0,1088.1042799025677,3852.0,4216.328305391259
2025-10-28 14:00:00+00:00,1232.0,1713.1971828966946,1065.0,1195.218300913309,2297.0,2908.4154838100035
2025-10-28 15:00:00+00:00,71.0,108.02895279541355,924.0,1309.7765370139737,995.0,1417.8054898093872
2025-10-28 16:00:00+00:00,0.0,3.2725580362249884,1016.0,1379.8381487422553,1016.0,1383.1107067784803
2025-10-28 17:00:00+00:00,0.0,0.013740176109890171,1053.0,1374.2833947741499,1053.0,1374.2971349502598
2025-10-28 18:00:00+00:00,0.0,0.008648480034709494,1012.0,1546.6773631169704,1012.0,1546.686011597005
2025-10-28 19:00:00+00:00,0.0,0.006280825515658891,971.0,1418.3544280907163,971.0,1418.360708916232
2025-10-28 20:00:00+00:00,0.0,0.0050175696672055126,856.0,1404.519767470701,856.0,1404.5247850403682
2025-10-28 21:00:00+00:00,0.0,0.0050175696672055126,714.0,1414.0583186197664,714.0,1414.0633361894336
2025-10-28 22:00:00+00:00,0.0,0.0050175696672055126,653.0,1240.5561767187114,653.0,1240.5611942883786
2025-10-28 23:00:00+00:00,0.0,0.0050175696672055126,725.0,1176.330862146422,725.0,1176.3358797160893
2025-10-29 00:00:00+00:00,0.0,0.0050175696672055126,627.0,985.2118153827287,627.0,985.2168329523959
2025-10-29 01:00:00+00:00,0.0,0.0050175696672055126,528.0,992.0838289778407,528.0,992.0888465475078
2025-10-29 02:00:00+00:00,0.0,0.005168917498617697,425.0,922.7589180634109,425.0,922.7640869809095
2025-10-29 03:00:00+00:00,0.0,0.031293746984109846,374.0,831.8232595016651,374.0,831.8545532486493
2025-10-29 04:00:00+00:00,0.0,1.1811705703876192,364.0,773.0389244187731,364.0,774.2200949891608
2025-10-29 05:00:00+00:00,599.0,661.4177604983811,391.0,709.9049520126268,990.0,1371.322712511008
2025-10-29 06:00:00+00:00,2624.0,2328.356708745079,317.0,555.5104064346617,2941.0,2883.8671151797407
2025-10-29 07:00:00+00:00,4267.0,3294.006674221149,244.0,339.68900945364476,4511.0,3633.6956836747936
2025-10-29 08:00:00+00:00,5078.0,4196.146818070663,189.0,173.51943322394868,5267.0,4369.666251294612
2025-10-29 09:00:00+00:00,5186.0,4038.603204857888,154.0,0.0,5340.0,4038.603204857888
2025-10-29 10:00:00+00:00,5231.0,3868.9869596958124,146.0,0.0,5377.0,3868.9869596958124
2025-10-29 11:00:00+00:00,5057.0,3842.1423169024747,129.0,174.63340892607494,5186.0,4016.7757258285496
2025-10-29 12:00:00+00:00,4567.0,3328.235321755278,118.0,329.2058127931291,4685.0,3657.4411345484073
2025-10-29 13:00:00+00:00,3381.0,2542.8031816077137,138.0,439.78854386578087,3519.0,2982.5917254734945
2025-10-29 14:00:00+00:00,1392.0,1244.9066543345623,167.0,511.36230301886576,1559.0,1756.268957353428
2025-10-29 15:00:00+00:00,71.0,79.27974884383916,215.0,615.3046404676538,286.0,694.5843893114929
2025-10-29 16:00:00+00:00,0.0,3.2138220242885636,230.0,777.5077741863306,230.0,780.7215962106192
2025-10-29 17:00:00+00:00,0.0,0.01358598873078285,221.0,697.2373595088882,221.0,697.250945497619
2025-10-29 18:00:00+00:00,0.0,0.008494292655602174,198.0,584.3675850141158,198.0,584.3760793067714
2025-10-29 19:00:00+00:00,0.0,0.01021914701458508,161.0,385.08851319201983,161.0,385.0987323390344
2025-10-29 20:00:00+00:00,0.0,0.01311972590604531,114.0,238.79296538221922,114.0,238.80608510812527
2025-10-29 21:00:00+00:00,0.0,0.01311972590604531,98.0,154.64284287469218,98.0,154.65596260059823
2025-10-29 22:00:00+00:00,0.0,0.01311972590604531,103.0,154.45447819359129,103.0,154.46759791949734
2025-10-29 23:00:00+00:00,0.0,0.01311972590604531,136.0,186.68795409625022,136.0,186.70107382215627
2025-10-30 00:00:00+00:00,0.0,0.007588730187226575,180.0,255.83722375058107,180.0,255.8448124807683
2025-10-30 01:00:00+00:00,0.0,0.005383606722205824,215.0,282.13976846341313,215.0,282.14515207013534
2025-10-30 02:00:00+00:00,0.0,0.007740078018638758,237.0,240.2979694803406,237.0,240.30570955835924
2025-10-30 03:00:00+00:00,0.0,0.04948197087120061,257.0,189.16742365070695,257.0,189.21690562157815
2025-10-30 04:00:00+00:00,0.0,0.052618766463185314,234.0,158.4039102423792,234.0,158.45652900884238
2025-10-30 05:00:00+00:00,559.0,604.47595575864,178.0,130.87091783316077,737.0,735.3468735918008
2025-10-30 06:00:00+00:00,2507.0,2581.3731230612802,108.0,33.96028166485894,2615.0,2615.333404726139
2025-10-30 07:00:00+00:00,4203.0,3998.534852890902,83.0,0.0,4286.0,3998.534852890902
2025-10-30 08:00:00+00:00,4859.0,4807.615633777869,72.0,0.0,4931.0,4807.615633777869
2025-10-30 09:00:00+00:00,4930.0,4852.797393586175,95.0,0.0,5025.0,4852.797393586175
2025-10-30 10:00:00+00:00,4792.0,4886.889199643784,120.0,59.157588393814194,4912.0,4946.046788037598
2025-10-30 11:00:00+00:00,4547.0,4831.188603482422,144.0,163.72452784004327,4691.0,4994.913131322465
2025-10-30 12:00:00+00:00,3710.0,3789.7383797006346,215.0,222.54296661029548,3925.0,4012.28134631093
2025-10-30 13:00:00+00:00,2313.0,2677.206316741913,306.0,207.08552694626906,2619.0,2884.291843688182
2025-10-30 14:00:00+00:00,1077.0,1166.8378024228887,368.0,238.21639525404737,1445.0,1405.054197676936
2025-10-30 15:00:00+00:00,71.0,73.72434499073358,468.0,148.95721745672972,539.0,222.6815624474633
2025-10-30 16:00:00+00:00,0.0,4.147514370680699,558.0,17.43665892424042,558.0,21.58417329492112
2025-10-30 17:00:00+00:00,0.0,0.04263485871409361,508.0,62.44626170131028,508.0,62.48889656002437
2025-10-30 18:00:00+00:00,0.0,0.019932371961125392,485.0,132.0387911052478,485.0,132.05872347720893
2025-10-30 19:00:00+00:00,0.0,0.015661625666442372,419.0,81.05110734903133,419.0,81.06676897469777
2025-10-30 20:00:00+00:00,0.0,0.013177640963960369,370.0,157.32070950522916,370.0,157.33388714619312
2025-10-30 21:00:00+00:00,0.0,0.013177640963960369,378.0,219.59048324785806,378.0,219.60366088882202
2025-10-30 22:00:00+00:00,0.0,0.007708737321311584,450.0,300.9190442489886,450.0,300.9267529863099
2025-10-30 23:00:00+00:00,0.0,0.007708737321311584,393.0,352.3493842409921,393.0,352.3570929783134
2025-10-31 00:00:00+00:00,0.0,0.005503613856290834,287.0,382.77403390642485,287.0,382.7795375202811
2025-10-31 01:00:00+00:00,0.0,0.007650822263396526,255.0,358.3945772679908,255.0,358.4022280902542
2025-10-31 02:00:00+00:00,0.0,0.05285549635872901,187.0,303.43134525480673,187.0,303.4842007511655
2025-10-31 03:00:00+00:00,0.0,0.09786242410480167,121.0,216.31495337474257,121.0,216.41281579884736
2025-10-31 04:00:00+00:00,0.0,0.4507039560112082,100.0,74.394480863652,100.0,74.84518481966322
2025-10-31 05:00:00+00:00,325.0,488.3012898224616,100.0,131.76252565348113,425.0,620.0638154759428
2025-10-31 06:00:00+00:00,1345.0,2171.30798735519,113.0,0.0,1458.0,2171.30798735519
2025-10-31 07:00:00+00:00,2235.0,3271.722579800102,99.0,27.290920279445572,2334.0,3299.013500079547
2025-10-31 08:00:00+00:00,3100.0,3356.943523614487,84.0,0.0,3184.0,3356.943523614487
2025-10-31 09:00:00+00:00,3610.0,3474.951571766694,96.0,0.0,3706.0,3474.951571766694
2025-10-31 10:00:00+00:00,3626.0,3326.483071849975,118.0,0.0,3744.0,3326.483071849975
2025-10-31 11:00:00+00:00,3227.0,3051.938397726065,124.0,0.0,3351.0,3051.938397726065
2025-10-31 12:00:00+00:00,2951.0,2594.5219159874787,134.0,166.55375805241147,3085.0,2761.07567403989
2025-10-31 13:00:00+00:00,1914.0,1770.9416857625527,162.0,171.41731927447427,2076.0,1942.359005037027
2025-10-31 14:00:00+00:00,511.0,1147.9533627172998,183.0,233.18157798183904,694.0,1381.134940699139
2025-10-31 15:00:00+00:00,20.0,87.07198111226288,223.0,434.52102973944307,243.0,521.5930108517059
2025-10-31 16:00:00+00:00,0.0,3.5707342209062967,275.0,419.64509956230404,275.0,423.2158337832103
2025-10-31 17:00:00+00:00,0.0,0.01785689479139414,319.0,441.32135663972326,319.0,441.33921353451467
2025-10-31 18:00:00+00:00,0.0,0.014551985385438039,326.0,403.5746059705764,326.0,403.5891579559618
2025-10-31 19:00:00+00:00,0.0,0.017714216508690345,318.0,377.8208340073313,318.0,377.83854822384
2025-10-31 20:00:00+00:00,0.0,0.007650822263396526,297.0,396.8368204361959,297.0,396.8444712584593
2025-10-31 21:00:00+00:00,0.0,0.01311972590604531,233.0,249.19483567806355,233.0,249.2079554039696
2025-10-31 22:00:00+00:00,0.0,0.01311972590604531,263.0,325.5327750925039,263.0,325.54589481841
2025-10-31 23:00:00+00:00,0.0,0.01311972590604531,259.0,329.9665944580422,259.0,329.97971418394826
2025-11-01 00:00:00+00:00,0.0,0.01311972590604531,269.0,361.36283990058473,269.0,361.3759596264908
2025-11-01 01:00:00+00:00,0.0,0.007650822263396526,244.0,441.52921282912564,244.0,441.536863651389
2025-11-01 02:00:00+00:00,0.0,0.007860085152723769,254.0,431.7911307248406,254.0,431.79899080999337
2025-11-01 03:00:00+00:00,0.0,0.03218128439882393,265.0,438.7325529637585,265.0,438.7647342481573
2025-11-01 04:00:00+00:00,0.0,0.21508424397051495,278.0,381.7135797980329,278.0,381.92866404200345
2025-11-01 05:00:00+00:00,261.0,346.07918953148874,295.0,408.6397914381057,556.0,754.7189809695944
2025-11-01 06:00:00+00:00,1242.0,1283.5941561568748,322.0,654.2076214928231,1564.0,1937.801777649698
2025-11-01 07:00:00+00:00,2436.0,2073.366240032133,299.0,493.30131895792283,2735.0,2566.667558990056
2025-11-01 08:00:00+00:00,2881.0,2531.1435915538104,267.0,267.73649259889055,3148.0,2798.880084152701
2025-11-01 09:00:00+00:00,3143.0,2794.1310154925654,238.0,265.95742073639406,3381.0,3060.0884362289594
2025-11-01 10:00:00+00:00,3258.0,2791.232819392989,231.0,275.2925246136872,3489.0,3066.5253440066763
2025-11-01 11:00:00+00:00,3281.0,2823.3401841110467,259.0,238.85996460885485,3540.0,3062.2001487199013
2025-11-01 12:00:00+00:00,2960.0,2735.113057091994,230.0,347.02966553481485,3190.0,3082.142722626809
2025-11-01 13:00:00+00:00,2033.0,2054.513398049921,287.0,338.2957515600899,2320.0,2392.8091496100105
2025-11-01 14:00:00+00:00,787.0,909.4548562869667,322.0,461.3898944846592,1109.0,1370.844750771626
2025-11-01 15:00:00+00:00,38.0,22.650107570402085,307.0,595.5728479467017,345.0,618.2229555171037
2025-11-01 16:00:00+00:00,0.0,2.7487046606129297,358.0,689.8602241400084,358.0,692.6089288006214
2025-11-01 17:00:00+00:00,0.0,0.023722795284658454,343.0,792.5034505821072,343.0,792.5271733773919
2025-11-01 18:00:00+00:00,0.0,0.008556384731772126,290.0,965.8916091254905,290.0,965.9001655102222
2025-11-01 19:00:00+00:00,0.0,0.006188730212721521,336.0,1059.6294199178446,336.0,1059.6356086480573
2025-11-01 20:00:00+00:00,0.0,0.00492547436426814,347.0,1085.5227970926567,347.0,1085.5277225670209
2025-11-01 21:00:00+00:00,0.0,0.00492547436426814,421.0,1178.5531949357917,421.0,1178.5581204101559
2025-11-01 22:00:00+00:00,0.0,0.00492547436426814,446.0,1241.6986518897083,446.0,1241.7035773640725
2025-11-01 23:00:00+00:00,0.0,0.00492547436426814,423.0,1251.1708732950094,423.0,1251.1757987693736
2025-11-02 00:00:00+00:00,0.0,0.00492547436426814,442.0,1242.2313275858576,442.0,1242.2362530602218
2025-11-02 01:00:00+00:00,0.0,0.00492547436426814,387.0,1192.3375997352905,387.0,1192.3425252096547
2025-11-02 02:00:00+00:00,0.0,0.005076822195680325,347.0,1209.9816923813028,347.0,1209.9867692034984
2025-11-02 03:00:00+00:00,0.0,3.8462308220393844,344.0,1212.5597088413401,344.0,1216.4059396633795
2025-11-02 04:00:00+00:00,0.0,42.7129763613157,372.0,1094.4323039934402,372.0,1137.1452803547559
2025-11-02 05:00:00+00:00,262.0,692.7903675215238,462.0,912.1661861054513,724.0,1604.9565536269752
2025-11-02 06:00:00+00:00,1624.0,1196.6433121715859,578.0,929.5790849827326,2202.0,2126.2223971543185
2025-11-02 07:00:00+00:00,3187.0,1641.9241785591835,565.0,872.257746280287,3752.0,2514.1819248394704
2025-11-02 08:00:00+00:00,4133.0,2560.9529087323876,482.0,659.2950026061153,4615.0,3220.247911338503
2025-11-02 09:00:00+00:00,4361.0,2989.091615759805,349.0,441.2587921010778,4710.0,3430.3504078608826
2025-11-02 10:00:00+00:00,4217.0,3224.522370152492,261.0,402.61347287259946,4478.0,3627.135843025091
2025-11-02 11:00:00+00:00,3966.0,3252.227640100657,246.0,379.20095152259455,4212.0,3631.4285916232516
2025-11-02 12:00:00+00:00,3415.0,2947.916887164518,230.0,308.0325053238407,3645.0,3255.9493924883586
2025-11-02 13:00:00+00:00,2352.0,2301.774400102427,212.0,448.62059915654254,2564.0,2750.3949992589696
2025-11-02 14:00:00+00:00,880.0,906.4474397371548,190.0,475.6008197978549,1070.0,1382.0482595350097
2025-11-02 15:00:00+00:00,44.0,36.99463133003815,169.0,439.7030757106062,213.0,476.69770704064433
2025-11-02 16:00:00+00:00,0.0,2.8209831780256645,179.0,343.6759673344069,179.0,346.49695051243253
2025-11-02 17:00:00+00:00,0.0,0.04710854292461989,171.0,323.55753105600206,171.0,323.60463959892667
2025-11-02 18:00:00+00:00,0.0,0.019932371961125392,190.0,264.4086919325558,190.0,264.428624304517
2025-11-02 19:00:00+00:00,0.0,0.006126638136551568,184.0,485.2708526457451,184.0,485.27697928388164
2025-11-02 20:00:00+00:00,0.0,0.015172316748293287,193.0,392.6361289527075,193.0,392.6513012694558
2025-11-02 21:00:00+00:00,0.0,0.01311972590604531,230.0,334.22199981381516,230.0,334.2351195397212
2025-11-02 22:00:00+00:00,0.0,0.007588730187226575,269.0,457.07729246368456,269.0,457.0848811938718
2025-11-02 23:00:00+00:00,0.0,0.007588730187226575,300.0,458.9290882748022,300.0,458.93667700498946
2025-11-03 00:00:00+00:00,0.0,0.007588730187226575,304.0,549.5280752730683,304.0,549.5356640032555
2025-11-03 01:00:00+00:00,0.0,0.03869625805312718,289.0,465.11897753243886,289.0,465.15767379049197
2025-11-03 02:00:00+00:00,0.0,0.06456752876347188,347.0,369.8881552131294,347.0,369.95272274189284
2025-11-03 03:00:00+00:00,0.0,0.08016103261177517,282.0,213.71009239856755,282.0,213.79025343117934
2025-11-03 04:00:00+00:00,0.0,0.07696117058836585,247.0,127.1064200549215,247.0,127.18338122550986
2025-11-03 05:00:00+00:00,365.0,288.6438873597781,342.0,186.07121363026477,707.0,474.71510099004286
2025-11-03 06:00:00+00:00,1928.0,1622.7577041229226,363.0,293.4880583551311,2291.0,1916.2457624780536
2025-11-03 07:00:00+00:00,3328.0,3348.4629244282946,354.0,256.94229798724757,3682.0,3605.405222415542
2025-11-03 08:00:00+00:00,4255.0,3475.2312332849647,402.0,264.9026503570466,4657.0,3740.1338836420114
2025-11-03 09:00:00+00:00,4474.0,3731.291529609345,459.0,240.51189959899966,4933.0,3971.803429208345
2025-11-03 10:00:00+00:00,4096.0,3611.430476359318,479.0,288.6652655426699,4575.0,3900.095741901988
2025-11-03 11:00:00+00:00,3323.0,3383.8413363917075,508.0,319.0689887354238,3831.0,3702.9103251271313
2025-11-03 12:00:00+00:00,2386.0,3124.795263929914,505.0,380.72893245794126,2891.0,3505.524196387855
2025-11-03 13:00:00+00:00,1293.0,2502.56909689834,464.0,345.1697088979316,1757.0,2847.7388057962717
2025-11-03 14:00:00+00:00,388.0,1104.6237059290986,533.0,352.8159810174459,921.0,1457.4396869465445
2025-11-03 15:00:00+00:00,15.0,46.910125852110376,577.0,347.84020196878475,592.0,394.7503278208951
2025-11-03 16:00:00+00:00,0.0,2.7811260817945938,678.0,333.81652791816305,678.0,336.59765399995763
2025-11-03 17:00:00+00:00,0.0,0.05027260542461987,790.0,185.54661911821222,790.0,185.59689172363684
2025-11-03 18:00:00+00:00,0.0,0.019932371961125392,756.0,212.90387242385452,756.0,212.92380479581564
2025-11-03 19:00:00+00:00,0.0,0.015661625666442372,679.0,246.67750581331734,679.0,246.69316743898378
2025-11-03 20:00:00+00:00,0.0,0.01311972590604531,715.0,302.49673518189877,715.0,302.5098549078048
2025-11-03 21:00:00+00:00,0.0,0.01311972590604531,755.0,342.11778541815477,755.0,342.1309051440608
2025-11-03 22:00:00+00:00,0.0,0.01311972590604531,767.0,386.36955505140656,767.0,386.3826747773126
2025-11-03 23:00:00+00:00,0.0,0.01311972590604531,660.0,369.57562872908727,660.0,369.5887484549933
2025-11-04 00:00:00+00:00,0.0,0.01311972590604531,676.0,302.6650048056084,676.0,302.67812453151447
2025-11-04 01:00:00+00:00,0.0,0.01311972590604531,593.0,357.7928538957675,593.0,357.80597362167356
2025-11-04 02:00:00+00:00,0.0,0.013271073737457492,469.0,270.5217464656297,469.0,270.5350175393672
2025-11-04 03:00:00+00:00,0.0,0.033007061086536484,425.0,369.0437746495311,425.0,369.07678171061764
2025-11-04 04:00:00+00:00,0.0,0.03409291334884146,417.0,278.10183444919835,417.0,278.1359273625472
2025-11-04 05:00:00+00:00,117.0,347.52581377938606,368.0,565.9775637090466,485.0,913.5033774884328
2025-11-04 06:00:00+00:00,687.0,1528.3898499363258,349.0,709.4540004815154,1036.0,2237.843850417841
2025-11-04 07:00:00+00:00,1393.0,2358.51518047782,329.0,791.6974571744661,1722.0,3150.2126376522865
2025-11-04 08:00:00+00:00,1837.0,2910.1275856573047,391.0,862.5846557919099,2228.0,3772.7122414492146
2025-11-04 09:00:00+00:00,1900.0,2684.469981385474,455.0,850.2260281000741,2355.0,3534.696009485548
2025-11-04 10:00:00+00:00,1908.0,3281.1812932783273,503.0,804.6283314536897,2411.0,4085.8096247320173
2025-11-04 11:00:00+00:00,1614.0,2985.500366964375,493.0,807.6147128772035,2107.0,3793.115079841579
2025-11-04 12:00:00+00:00,1193.0,2515.5642895812143,546.0,655.9475572865305,1739.0,3171.5118468677447
2025-11-04 13:00:00+00:00,660.0,1276.893384587404,673.0,1062.3561689952107,1333.0,2339.2495535826147
2025-11-04 14:00:00+00:00,227.0,888.6053535529364,744.0,1226.7087643573225,971.0,2115.314117910259
2025-11-04 15:00:00+00:00,11.0,21.521619001707695,746.0,1358.4005822311206,757.0,1379.9222012328282
2025-11-04 16:00:00+00:00,0.0,2.737659250164528,808.0,1591.3297426548672,808.0,1594.0674019050318
2025-11-04 17:00:00+00:00,0.0,0.0136480808069528,765.0,1687.9658913057406,765.0,1687.9795393865475
2025-11-04 18:00:00+00:00,0.0,0.008556384731772126,852.0,1809.3086441714856,852.0,1809.3172005562174
2025-11-04 19:00:00+00:00,0.0,0.006188730212721521,960.0,1608.316443225833,960.0,1608.3226319560456
2025-11-04 20:00:00+00:00,0.0,0.00492547436426814,1164.0,1685.6489952154393,1164.0,1685.6539206898035
2025-11-04 21:00:00+00:00,0.0,0.00492547436426814,1334.0,1745.0729350154681,1334.0,1745.0778604898323
2025-11-04 22:00:00+00:00,0.0,0.004863382288098189,1476.0,1686.5850548202882,1476.0,1686.5899182025762
2025-11-04 23:00:00+00:00,0.0,0.00492547436426814,1635.0,1638.6014092745847,1635.0,1638.606334748949
2025-11-05 00:00:00+00:00,0.0,0.00492547436426814,1793.0,1694.1159612626707,1793.0,1694.1208867370349
2025-11-05 01:00:00+00:00,0.0,0.00492547436426814,1652.0,1729.8262664025892,1652.0,1729.8311918769534
2025-11-05 02:00:00+00:00,0.0,0.005076822195680325,1770.0,1681.9002686435451,1770.0,1681.9053454657408
2025-11-05 03:00:00+00:00,0.0,0.03232294252042964,1827.0,1543.925025363354,1827.0,1543.9573483058746
2025-11-05 04:00:00+00:00,0.0,0.033393007264161056,1940.0,1615.6476945584975,1940.0,1615.6810875657616
2025-11-05 05:00:00+00:00,58.0,145.51415397848152,2042.0,1324.8823371305361,2100.0,1470.3964911090177
2025-11-05 06:00:00+00:00,414.0,796.0138375818314,2003.0,1407.7808689885799,2417.0,2203.794706570411
2025-11-05 07:00:00+00:00,975.0,1100.9290332497976,1909.0,1367.9419842563573,2884.0,2468.871017506155
2025-11-05 08:00:00+00:00,1338.0,1688.4409645451294,1871.0,1429.7801523422597,3209.0,3118.221116887389
2025-11-05 09:00:00+00:00,1546.0,1997.9129688720031,1841.0,1431.7595648326019,3387.0,3429.672533704605
2025-11-05 10:00:00+00:00,1615.0,2203.824273463643,1803.0,1340.372028044913,3418.0,3544.1963015085557
2025-11-05 11:00:00+00:00,1741.0,1885.7205050253292,1800.0,1258.979675809145,3541.0,3144.700180834474
2025-11-05 12:00:00+00:00,1460.0,1309.631056881697,1867.0,1227.8327057597385,3327.0,2537.4637626414356
2025-11-05 13:00:00+00:00,884.0,1062.6417024404486,1954.0,1209.5654774651516,2838.0,2272.2071799056002
2025-11-05 14:00:00+00:00,308.0,719.7275988202757,2041.0,1303.8846363651037,2349.0,2023.6122351853794
2025-11-05 15:00:00+00:00,14.0,20.309349304148544,2340.0,1471.0976904418085,2354.0,1491.407039745957
2025-11-05 16:00:00+00:00,0.0,0.09325291381613068,2447.0,1555.4277942126055,2447.0,1555.5210471264215
2025-11-05 17:00:00+00:00,0.0,0.01747817082369721,2554.0,1476.4961230178778,2554.0,1476.5136011887016
2025-11-05 18:00:00+00:00,0.0,0.009507955486015273,2592.0,1548.4001135915923,2592.0,1548.4096215470784
2025-11-05 19:00:00+00:00,0.0,0.007140300966964667,2619.0,1675.5990396891352,2619.0,1675.6061799901022
2025-11-05 20:00:00+00:00,0.0,0.005345872422160022,2629.0,1679.2001489486074,2629.0,1679.2054948210296
2025-11-05 21:00:00+00:00,0.0,0.005345872422160022,2612.0,1712.1479619628408,2612.0,1712.153307835263
2025-11-05 22:00:00+00:00,0.0,0.005407964498329975,2715.0,1933.2761490670005,2715.0,1933.2815570314988
2025-11-05 23:00:00+00:00,0.0,0.005345872422160022,2749.0,1810.738147705595,2749.0,1810.7434935780173
2025-11-06 00:00:00+00:00,0.0,0.005345872422160022,2792.0,2011.3099519571936,2792.0,2011.3152978296157
2025-11-06 01:00:00+00:00,0.0,0.005345872422160022,2752.0,1915.622033382839,2752.0,1915.627379255261
2025-11-06 02:00:00+00:00,0.0,0.005497220253572205,2687.0,1896.4907810907876,2687.0,1896.4962783110411
2025-11-06 03:00:00+00:00,0.0,0.032687574916419174,2690.0,1792.0068797297008,2690.0,1792.0395673046173
2025-11-06 04:00:00+00:00,0.0,0.03633288340750116,2668.0,1979.5278378394735,2668.0,1979.564170722881
2025-11-06 05:00:00+00:00,92.0,196.1519803982341,2626.0,1981.3062732986805,2718.0,2177.4582536969147
2025-11-06 06:00:00+00:00,624.0,930.4743401710957,2505.0,1877.1015937550987,3129.0,2807.5759339261945
2025-11-06 07:00:00+00:00,1265.0,2162.48951856804,2377.0,1695.6886377100914,3642.0,3858.178156278131
2025-11-06 08:00:00+00:00,1826.0,2488.942936266447,2239.0,1569.224825257156,4065.0,4058.167761523603
2025-11-06 09:00:00+00:00,2120.0,2792.192887059941,2129.0,1612.0261556831013,4249.0,4404.219042743042
2025-11-06 10:00:00+00:00,2171.0,2931.5207363164086,2028.0,1617.7714664121543,4199.0,4549.292202728563
2025-11-06 11:00:00+00:00,1873.0,3093.5254729941844,1977.0,1593.2903309892586,3850.0,4686.815803983443
2025-11-06 12:00:00+00:00,1501.0,2659.3921366720174,1958.0,1568.064332056736,3459.0,4227.456468728753
2025-11-06 13:00:00+00:00,976.0,1917.103157595132,1934.0,1660.977080428703,2910.0,3578.0802380238347
2025-11-06 14:00:00+00:00,357.0,744.5382625477528,1962.0,1806.1769903202526,2319.0,2550.7152528680053
2025-11-06 15:00:00+00:00,15.0,22.969111471577445,2021.0,1956.8248498262906,2036.0,1979.793961297868
2025-11-06 16:00:00+00:00,0.0,0.09485565029076656,2012.0,1990.3614643493522,2012.0,1990.456319999643
2025-11-06 17:00:00+00:00,0.0,0.01747817082369721,1949.0,1834.5220074021258,1949.0,1834.5394855729496
2025-11-06 18:00:00+00:00,0.0,0.009507955486015273,1797.0,1717.935751098821,1797.0,1717.945259054307
2025-11-06 19:00:00+00:00,0.0,0.007140300966964667,1654.0,1527.580233756451,1654.0,1527.587374057418
2025-11-06 20:00:00+00:00,0.0,0.005345872422160022,1538.0,1470.9993880160325,1538.0,1471.0047338884547
2025-11-06 21:00:00+00:00,0.0,0.005345872422160022,1372.0,1446.387386977723,1372.0,1446.3927328501452
2025-11-06 22:00:00+00:00,0.0,0.005345872422160022,1279.0,1459.206664698912,1279.0,1459.212010571334
2025-11-06 23:00:00+00:00,0.0,0.005345872422160022,1248.0,1485.6245974892497,1248.0,1485.6299433616718
2025-11-07 00:00:00+00:00,0.0,0.005345872422160022,1167.0,1493.2108676164748,1167.0,1493.216213488897
2025-11-07 01:00:00+00:00,0.0,0.005345872422160022,1082.0,1582.411665143928,1082.0,1582.4170110163502
2025-11-07 02:00:00+00:00,0.0,0.005497220253572205,1071.0,1579.1006576015777,1071.0,1579.1061548218313
2025-11-07 03:00:00+00:00,0.0,0.05108822195800932,922.0,1357.948634325439,922.0,1357.999722547397
2025-11-07 04:00:00+00:00,0.0,0.05215828670174075,738.0,1242.9145009279048,738.0,1242.9666592146066
2025-11-07 05:00:00+00:00,157.0,244.73496489416615,623.0,1227.954119060837,780.0,1472.689083955003
2025-11-07 06:00:00+00:00,999.0,1220.0310600243602,478.0,1122.6594847017204,1477.0,2342.6905447260806
2025-11-07 07:00:00+00:00,2108.0,2321.99816921646,379.0,1106.6559958299697,2487.0,3428.6541650464296
2025-11-07 08:00:00+00:00,2946.0,3187.1609888432695,354.0,1093.8944290245202,3300.0,4281.055417867789
2025-11-07 09:00:00+00:00,3260.0,3603.928305718926,296.0,860.1956376859749,3556.0,4464.123943404901
2025-11-07 10:00:00+00:00,3456.0,3566.768971019115,267.0,854.2093211779957,3723.0,4420.978292197111
2025-11-07 11:00:00+00:00,3526.0,3467.3092938551245,248.0,917.1752849240852,3774.0,4384.484578779209
2025-11-07 12:00:00+00:00,3049.0,2540.3709965091,241.0,780.758470373027,3290.0,3321.1294668821274
2025-11-07 13:00:00+00:00,2157.0,2082.1891257857837,233.0,756.435965345009,2390.0,2838.6250911307925
2025-11-07 14:00:00+00:00,613.0,584.9666520560669,278.0,845.7739938091203,891.0,1430.7406458651872
2025-11-07 15:00:00+00:00,12.0,21.53999796495758,301.0,868.3151596727987,313.0,889.8551576377563
2025-11-07 16:00:00+00:00,0.0,0.10643366223377133,371.0,754.2011869777944,371.0,754.3076206400282
2025-11-07 17:00:00+00:00,0.0,0.033331395135834566,459.0,619.5821398758991,459.0,619.615471271035
2025-11-07 18:00:00+00:00,0.0,0.009507955486015273,566.0,719.2219378003122,566.0,719.2314457557982
2025-11-07 19:00:00+00:00,0.0,0.011232809844998177,688.0,552.490904668562,688.0,552.502137478407
2025-11-07 20:00:00+00:00,0.0,0.021279286722642975,738.0,459.8260955678776,738.0,459.8473748546002
2025-11-07 21:00:00+00:00,0.0,0.015654806882355116,773.0,400.7647155613115,773.0,400.78037036819387
2025-11-07 22:00:00+00:00,0.0,0.005866096856267655,865.0,456.5262114858082,865.0,456.53207758266444
2025-11-07 23:00:00+00:00,0.0,0.015654806882355116,1017.0,394.1635709652073,1017.0,394.1792257720897
2025-11-08 00:00:00+00:00,0.0,0.005866096856267655,1148.0,389.6093438531926,1148.0,389.6152099500489
2025-11-08 01:00:00+00:00,0.0,0.008071220321288406,1310.0,379.0455780069275,1310.0,379.0536492272488
2025-11-08 02:00:00+00:00,0.0,0.005497220253572205,1500.0,436.4251564166319,1500.0,436.4306536368855
2025-11-08 03:00:00+00:00,0.0,0.032687574916419174,1711.0,398.2758257855828,1711.0,398.3085133604992
2025-11-08 04:00:00+00:00,0.0,0.03375763966015059,2044.0,561.570632146281,2044.0,561.6043897859412
2025-11-08 05:00:00+00:00,104.0,272.1824383043968,2220.0,620.9036087405154,2324.0,893.0860470449122
2025-11-08 06:00:00+00:00,411.0,1093.206341383726,2278.0,803.2323887235921,2689.0,1896.4387301073182
2025-11-08 07:00:00+00:00,810.0,2305.4174944999177,2357.0,756.2468460771727,3167.0,3061.66434057709
2025-11-08 08:00:00+00:00,1229.0,2211.1033387127522,2540.0,893.7658105048777,3769.0,3104.86914921763
2025-11-08 09:00:00+00:00,1877.0,2888.3390035660473,2560.0,1001.8420284899407,4437.0,3890.181032055988
2025-11-08 10:00:00+00:00,2174.0,2949.654797513452,2565.0,981.4267044396138,4739.0,3931.081501953066
2025-11-08 11:00:00+00:00,2283.0,2544.6262677605623,2619.0,1150.908927391741,4902.0,3695.5351951523035
2025-11-08 12:00:00+00:00,1893.0,2719.057279486743,2540.0,1196.5601433725242,4433.0,3915.617422859267
2025-11-08 13:00:00+00:00,1231.0,2071.7707738743975,2397.0,1092.2426176412441,3628.0,3164.0133915156416
2025-11-08 14:00:00+00:00,449.0,455.0657273461532,2157.0,1106.8309127505859,2606.0,1561.896640096739
2025-11-08 15:00:00+00:00,15.0,12.941017301233696,1955.0,1101.8945118502666,1970.0,1114.8355291515002
2025-11-08 16:00:00+00:00,0.0,2.8811139158411345,1854.0,1114.076870181109,1854.0,1116.95798409695
2025-11-08 17:00:00+00:00,0.0,0.0136480808069528,1792.0,1075.0605379383994,1792.0,1075.0741860192063
2025-11-08 18:00:00+00:00,0.0,0.008556384731772126,1599.0,1085.8432139241252,1599.0,1085.8517703088569
2025-11-08 19:00:00+00:00,0.0,0.006188730212721521,1588.0,1006.3305417496185,1588.0,1006.3367304798312
2025-11-08 20:00:00+00:00,0.0,0.00492547436426814,1544.0,1110.1841430368822,1544.0,1110.1890685112464
2025-11-08 21:00:00+00:00,0.0,0.00492547436426814,1370.0,1107.319967407355,1370.0,1107.3248928817193
2025-11-08 22:00:00+00:00,0.0,0.00492547436426814,1495.0,1057.843954885875,1495.0,1057.8488803602393
2025-11-08 23:00:00+00:00,0.0,0.00492547436426814,1589.0,1079.0250288995514,1589.0,1079.0299543739156
2025-11-09 00:00:00+00:00,0.0,0.00492547436426814,1680.0,977.4052075838928,1680.0,977.4101330582571
2025-11-09 01:00:00+00:00,0.0,0.00492547436426814,1665.0,1010.7606624597613,1665.0,1010.7655879341256
2025-11-09 02:00:00+00:00,0.0,0.005076822195680325,1636.0,1041.4332780786292,1636.0,1041.4383549008248
2025-11-09 03:00:00+00:00,0.0,0.031139559605002524,1660.0,1236.9812720223083,1660.0,1237.0124115819133
2025-11-09 04:00:00+00:00,0.0,0.032209624348733944,1620.0,1449.086112947529,1620.0,1449.1183225718778
2025-11-09 05:00:00+00:00,64.0,152.73185348914393,1586.0,1430.6766104466774,1650.0,1583.4084639358214
2025-11-09 06:00:00+00:00,607.0,824.1302643384155,1708.0,1182.8476948313487,2315.0,2006.9779591697643
2025-11-09 07:00:00+00:00,1686.0,1970.111081938906,1550.0,1127.7056288840326,3236.0,3097.8167108229386
2025-11-09 08:00:00+00:00,2742.0,2261.118252851958,1510.0,1374.3095278312778,4252.0,3635.427780683236
2025-11-09 09:00:00+00:00,3430.0,3074.1401759819705,1540.0,1339.9886327174613,4970.0,4414.128808699432
2025-11-09 10:00:00+00:00,3541.0,3111.068241917096,1574.0,1605.938406917387,5115.0,4717.006648834484
2025-11-09 11:00:00+00:00,3181.0,3177.8118207881753,1591.0,1635.6965963056446,4772.0,4813.50841709382
2025-11-09 12:00:00+00:00,2414.0,3075.518035482989,1611.0,1505.835767071514,4025.0,4581.353802554503
2025-11-09 13:00:00+00:00,1551.0,1866.7901727257308,1725.0,1548.1189584918977,3276.0,3414.909131217629
2025-11-09 14:00:00+00:00,490.0,714.5120102692606,1833.0,1509.2636422268408,2323.0,2223.7756524961014
2025-11-09 15:00:00+00:00,10.0,22.115023127787918,2009.0,1314.4068186763686,2019.0,1336.5218418041566
2025-11-09 16:00:00+00:00,0.0,2.7617284686630454,2127.0,1385.85198601999,2127.0,1388.613714488653
2025-11-09 17:00:00+00:00,0.0,0.01747817082369721,2283.0,1367.4658284387501,2283.0,1367.483306609574
2025-11-09 18:00:00+00:00,0.0,0.009507955486015273,2395.0,1335.7007331887614,2395.0,1335.7102411442474
2025-11-09 19:00:00+00:00,0.0,0.007140300966964667,2356.0,1336.8492765373562,2356.0,1336.8564168383232
2025-11-09 20:00:00+00:00,0.0,0.005407964498329975,2364.0,1695.5737092419326,2364.0,1695.579117206431
2025-11-09 21:00:00+00:00,0.0,0.005345872422160022,2439.0,1601.6911586613337,2439.0,1601.6965045337558
2025-11-09 22:00:00+00:00,0.0,0.005345872422160022,2481.0,1448.623555389253,2481.0,1448.628901261675
2025-11-09 23:00:00+00:00,0.0,0.005345872422160022,2542.0,1342.0518248245169,2542.0,1342.057170696939
2025-11-10 00:00:00+00:00,0.0,0.005407964498329975,2538.0,1567.752522732832,2538.0,1567.7579306973303
2025-11-10 01:00:00+00:00,0.0,0.005407964498329975,2424.0,1458.2417594486853,2424.0,1458.2471674131837
2025-11-10 02:00:00+00:00,0.0,0.005559312329742157,2366.0,1540.0618641863496,2366.0,1540.0674234986793
2025-11-10 03:00:00+00:00,0.0,0.03148244671129096,2439.0,1618.2435012009112,2439.0,1618.2749836476225
2025-11-10 04:00:00+00:00,0.0,0.05403427490052773,2421.0,1671.4833900182375,2421.0,1671.537424293138
2025-11-10 05:00:00+00:00,121.0,187.45309117854572,2325.0,1512.347037754131,2446.0,1699.8001289326767
2025-11-10 06:00:00+00:00,494.0,762.4416848233752,2096.0,1615.788322606665,2590.0,2378.23000743004
2025-11-10 07:00:00+00:00,1088.0,1629.452858913779,1996.0,1438.190757018073,3084.0,3067.643615931852
2025-11-10 08:00:00+00:00,1354.0,1854.5553636684278,2045.0,1407.581098129404,3399.0,3262.1364617978315
2025-11-10 09:00:00+00:00,1547.0,1941.9776941240793,1981.0,1550.211834207824,3528.0,3492.1895283319036
2025-11-10 10:00:00+00:00,1552.0,1991.8130373169822,1915.0,1585.5112209270449,3467.0,3577.324258244027
2025-11-10 11:00:00+00:00,1178.0,1463.0185566267953,1853.0,2030.6504863565178,3031.0,3493.6690429833134
2025-11-10 12:00:00+00:00,1050.0,1468.6014165411564,1671.0,1855.3516327972918,2721.0,3323.953049338448
2025-11-10 13:00:00+00:00,692.0,1573.671355311689,1653.0,1819.0805006483097,2345.0,3392.7518559599985
2025-11-10 14:00:00+00:00,269.0,470.50797616010516,1981.0,1610.8710088280664,2250.0,2081.3789849881714
2025-11-10 15:00:00+00:00,14.0,13.123780323788692,1854.0,1454.9814555521186,1868.0,1468.1052358759073
2025-11-10 16:00:00+00:00,0.0,0.023373417656798276,2098.0,1631.4063592278192,2098.0,1631.429732645476
2025-11-10 17:00:00+00:00,0.0,0.013802268186060123,2005.0,1611.098743820105,2005.0,1611.112546088291
2025-11-10 18:00:00+00:00,0.0,0.008710572110879446,1930.0,1694.4884162933977,1930.0,1694.4971268655086
2025-11-10 19:00:00+00:00,0.0,0.006342917591828843,1963.0,1782.3230255475019,1963.0,1782.3293684650937
2025-11-10 20:00:00+00:00,0.0,0.0050175696672055126,1861.0,1804.8995638428162,1861.0,1804.9045814124834
2025-11-10 21:00:00+00:00,0.0,0.0050175696672055126,1802.0,1531.2136882133254,1802.0,1531.2187057829926
2025-11-10 22:00:00+00:00,0.0,0.0050175696672055126,1828.0,1538.5443102833099,1828.0,1538.549327852977
2025-11-10 23:00:00+00:00,0.0,0.0050175696672055126,1657.0,1517.8172912648834,1657.0,1517.8223088345505
2025-11-11 00:00:00+00:00,0.0,0.0050175696672055126,1500.0,1495.4456912673982,1500.0,1495.4507088370653
2025-11-11 01:00:00+00:00,0.0,0.0050175696672055126,1500.0,1643.0513983020546,1500.0,1643.0564158717218
2025-11-11 02:00:00+00:00,0.0,0.005168917498617697,1602.0,1593.5260651634762,1602.0,1593.5312340809749
2025-11-11 03:00:00+00:00,0.0,0.04899513847713642,1646.0,1634.3032349822897,1646.0,1634.3522301207668
2025-11-11 04:00:00+00:00,0.0,0.032363811727841266,1703.0,1374.3864077745864,1703.0,1374.4187715863143
2025-11-11 05:00:00+00:00,222.0,149.61270903961852,1533.0,1354.996565966444,1755.0,1504.6092750060625
2025-11-11 06:00:00+00:00,1559.0,685.8473838967346,1417.0,1197.630375982697,2976.0,1883.4777598794317
2025-11-11 07:00:00+00:00,3052.0,1784.026920230736,1301.0,893.0441874459418,4353.0,2677.071107676678
2025-11-11 08:00:00+00:00,4148.0,2274.6545853277275,1214.0,560.9535048742839,5362.0,2835.608090202011
2025-11-11 09:00:00+00:00,4567.0,2881.6826513374413,1195.0,836.7896775896534,5762.0,3718.4723289270946
2025-11-11 10:00:00+00:00,4601.0,2921.633816325704,1148.0,900.3935734622472,5749.0,3822.0273897879515
2025-11-11 11:00:00+00:00,4216.0,2715.4438252427603,993.0,1141.1979910256805,5209.0,3856.641816268441
2025-11-11 12:00:00+00:00,3410.0,2545.1600006373974,930.0,932.7916962423665,4340.0,3477.951696879764
2025-11-11 13:00:00+00:00,2141.0,1459.9173380276638,981.0,1038.3023793739292,3122.0,2498.219717401593
2025-11-11 14:00:00+00:00,680.0,443.6239632460859,913.0,1246.9300090845265,1593.0,1690.5539723306124
2025-11-11 15:00:00+00:00,12.0,20.59210252702258,859.0,1031.48536089432,871.0,1052.0774634213426
2025-11-11 16:00:00+00:00,0.0,0.2217673047584975,772.0,846.471784441056,772.0,846.6935517458145
2025-11-11 17:00:00+00:00,0.0,0.018902742628703794,624.0,911.698205124036,624.0,911.7171078666647
2025-11-11 18:00:00+00:00,0.0,0.009507955486015273,586.0,960.9233703759419,586.0,960.9328783314279
2025-11-11 19:00:00+00:00,0.0,0.007140300966964667,549.0,1110.4675328809788,549.0,1110.4746731819457
2025-11-11 20:00:00+00:00,0.0,0.005345872422160022,501.0,1230.9209286491073,501.0,1230.9262745215294
2025-11-11 21:00:00+00:00,0.0,0.005345872422160022,524.0,1351.6053817352056,524.0,1351.6107276076277
2025-11-11 22:00:00+00:00,0.0,0.005345872422160022,535.0,1458.341850719387,535.0,1458.347196591809
2025-11-11 23:00:00+00:00,0.0,0.005345872422160022,507.0,1582.7454390715093,507.0,1582.7507849439314
2025-11-12 00:00:00+00:00,0.0,0.007412603270413316,494.0,1481.6494390961627,494.0,1481.6568516994332
2025-11-12 01:00:00+00:00,0.0,0.005345872422160022,531.0,1546.0609863741645,531.0,1546.0663322465866
2025-11-12 02:00:00+00:00,0.0,0.006136338619967734,611.0,1708.6451630334404,611.0,1708.6512993720605
2025-11-12 03:00:00+00:00,0.0,0.04982295657071306,699.0,1786.3520397583923,699.0,1786.401862714963
2025-11-12 04:00:00+00:00,0.0,0.05089302131444449,780.0,1777.1025295551908,780.0,1777.1534225765054
2025-11-12 05:00:00+00:00,208.0,335.8764878457852,870.0,1620.0980238030702,1078.0,1955.9745116488555
2025-11-12 06:00:00+00:00,1551.0,1571.3255962271062,886.0,1419.7668870956081,2437.0,2991.0924833227145
2025-11-12 07:00:00+00:00,3104.0,1722.2445498850395,883.0,1378.6317628123657,3987.0,3100.8763126974054
2025-11-12 08:00:00+00:00,4222.0,2841.457762000196,827.0,1156.7139787006251,5049.0,3998.171740700821
2025-11-12 09:00:00+00:00,4979.0,2989.1877744674475,717.0,912.2652473766407,5696.0,3901.453021844088
2025-11-12 10:00:00+00:00,5172.0,3259.597915598503,636.0,692.5007425615257,5808.0,3952.0986581600287
2025-11-12 11:00:00+00:00,4851.0,3208.434665202078,611.0,654.4382391184494,5462.0,3862.8729043205276
2025-11-12 12:00:00+00:00,4045.0,2330.472398242195,579.0,634.672354763996,4624.0,2965.1447530061914
2025-11-12 13:00:00+00:00,2630.0,1399.267555496585,655.0,841.2810599560376,3285.0,2240.5486154526225
2025-11-12 14:00:00+00:00,833.0,590.1538589686054,632.0,828.9597640195968,1465.0,1419.1136229882022
2025-11-12 15:00:00+00:00,15.0,11.114810171420954,651.0,940.423514044514,666.0,951.538324215935
2025-11-12 16:00:00+00:00,0.0,0.11909305476062401,727.0,912.7172080216627,727.0,912.8363010764233
2025-11-12 17:00:00+00:00,0.0,0.01358598873078285,727.0,904.2562675247393,727.0,904.2698535134701
2025-11-12 18:00:00+00:00,0.0,0.008494292655602174,761.0,898.9883974869908,761.0,898.9968917796465
2025-11-12 19:00:00+00:00,0.0,0.006126638136551568,718.0,724.1634997206726,718.0,724.1696263588092
2025-11-12 20:00:00+00:00,0.0,0.004863382288098189,608.0,614.5253873632905,608.0,614.5302507455787
2025-11-12 21:00:00+00:00,0.0,0.004863382288098189,555.0,605.7723898500865,555.0,605.7772532323746
2025-11-12 22:00:00+00:00,0.0,0.005731450575142634,644.0,602.2170576347027,644.0,602.2227890852778
2025-11-12 23:00:00+00:00,0.0,0.005731450575142634,775.0,581.6220380282623,775.0,581.6277694788374
2025-11-13 00:00:00+00:00,0.0,0.005731450575142634,843.0,654.4142940321573,843.0,654.4200254827324
2025-11-13 01:00:00+00:00,0.0,0.005731450575142634,817.0,722.7687167179305,817.0,722.7744481685056
2025-11-13 02:00:00+00:00,0.0,0.0058827984065548174,850.0,796.9002971971584,850.0,796.9061799955649
2025-11-13 03:00:00+00:00,0.0,0.05893879130625825,858.0,873.4819115600505,858.0,873.5408503513568
2025-11-13 04:00:00+00:00,0.0,0.035316798274252985,795.0,883.7216663905576,795.0,883.7569831888319
2025-11-13 05:00:00+00:00,254.0,238.8969019701796,773.0,864.2288380055927,1027.0,1103.1257399757724
2025-11-13 06:00:00+00:00,1938.0,1467.5891538314766,625.0,831.5188085349517,2563.0,2299.107962366428
2025-11-13 07:00:00+00:00,3703.0,3225.9447045200195,502.0,843.2417452942967,4205.0,4069.1864498143163
2025-11-13 08:00:00+00:00,4527.0,3929.3088296529,559.0,727.5269561295909,5086.0,4656.83578578249
2025-11-13 09:00:00+00:00,4902.0,4757.308674208451,615.0,566.1839156652233,5517.0,5323.492589873674
2025-11-13 10:00:00+00:00,4942.0,4806.795837957195,600.0,506.1476978910414,5542.0,5312.943535848236
2025-11-13 11:00:00+00:00,4588.0,4605.970400756891,585.0,455.32453627708196,5173.0,5061.294937033973
2025-11-13 12:00:00+00:00,3863.0,3552.413273210207,488.0,644.9397567909537,4351.0,4197.353030001161
2025-11-13 13:00:00+00:00,2676.0,2525.025470145755,437.0,627.3032053624889,3113.0,3152.328675508244
2025-11-13 14:00:00+00:00,825.0,795.3548834479313,340.0,667.7493638127855,1165.0,1463.1042472607169
2025-11-13 15:00:00+00:00,14.0,13.922727045120244,281.0,739.6402297500092,295.0,753.5629567951295
2025-11-13 16:00:00+00:00,0.0,0.03917477293809098,312.0,741.8194365845515,312.0,741.8586113574895
2025-11-13 17:00:00+00:00,0.0,0.0136480808069528,279.0,747.9132366876657,279.0,747.9268847684727
2025-11-13 18:00:00+00:00,0.0,0.008494292655602174,199.0,740.3219503500063,199.0,740.330444642662
2025-11-13 19:00:00+00:00,0.0,0.006126638136551568,164.0,697.4196258656367,164.0,697.4257525037733
2025-11-13 20:00:00+00:00,0.0,0.004863382288098189,186.0,655.8711769449754,186.0,655.8760403272636
2025-11-13 21:00:00+00:00,0.0,0.005502500654493718,222.0,570.7245243867824,222.0,570.7300268874369
2025-11-13 22:00:00+00:00,0.0,0.005502500654493718,250.0,523.219822081406,250.0,523.2253245820606
2025-11-13 23:00:00+00:00,0.0,0.005502500654493718,253.0,623.3618829137683,253.0,623.3673854144229
2025-11-14 00:00:00+00:00,0.0,0.005502500654493718,283.0,616.2787529174732,283.0,616.2842554181277
2025-11-14 01:00:00+00:00,0.0,0.005502500654493718,323.0,801.1851664562461,323.0,801.1906689569006
2025-11-14 02:00:00+00:00,0.0,0.005653848485905903,351.0,799.2440607679102,351.0,799.2497146163961
2025-11-14 03:00:00+00:00,0.0,0.03177867797139806,340.0,777.821558882706,340.0,777.8533375606773
2025-11-14 04:00:00+00:00,0.0,0.0577680732181389,304.0,786.3955350091292,304.0,786.4533030823472
2025-11-14 05:00:00+00:00,221.0,237.44371225896805,292.0,738.6161462782381,513.0,976.0598585372062
2025-11-14 06:00:00+00:00,1812.0,2042.0293150996163,239.0,579.5507338347128,2051.0,2621.580048934329
2025-11-14 07:00:00+00:00,3571.0,3085.245538872926,183.0,564.7163923392915,3754.0,3649.961931212217
2025-11-14 08:00:00+00:00,4647.0,4333.261206661999,155.0,472.76622531722796,4802.0,4806.027431979226
2025-11-14 09:00:00+00:00,5118.0,4726.234575782682,160.0,377.76229416888873,5278.0,5103.996869951571
2025-11-14 10:00:00+00:00,5219.0,4763.734080282308,173.0,403.55692551754237,5392.0,5167.291005799851
2025-11-14 11:00:00+00:00,4915.0,4380.902191602475,195.0,500.9126082059428,5110.0,4881.814799808418
2025-11-14 12:00:00+00:00,4149.0,3656.7391581218167,218.0,616.5265940262417,4367.0,4273.265752148059
2025-11-14 13:00:00+00:00,2740.0,2579.260219207337,248.0,685.9403858876964,2988.0,3265.200605095033
2025-11-14 14:00:00+00:00,817.0,810.5699085819739,280.0,660.0843840363547,1097.0,1470.6542926183286
2025-11-14 15:00:00+00:00,10.0,14.149789329849861,382.0,703.918617429367,392.0,718.0684067592169
2025-11-14 16:00:00+00:00,0.0,0.10814864024677082,386.0,723.0741193925467,386.0,723.1822680327934
2025-11-14 17:00:00+00:00,0.0,0.01918701899796219,369.0,650.9639032310447,369.0,650.9830902500427
2025-11-14 18:00:00+00:00,0.0,0.008494292655602174,340.0,617.7412902701233,340.0,617.7497845627789
2025-11-14 19:00:00+00:00,0.0,0.006126638136551568,317.0,606.8636364222593,317.0,606.8697630603959
2025-11-14 20:00:00+00:00,0.0,0.004921297346013247,300.0,574.7003206446673,300.0,574.7052419420132
2025-11-14 21:00:00+00:00,0.0,0.004863382288098189,264.0,675.3365445662591,264.0,675.3414079485473
2025-11-14 22:00:00+00:00,0.0,0.004863382288098189,254.0,729.8405680871394,254.0,729.8454314694276
2025-11-14 23:00:00+00:00,0.0,0.005502500654493718,280.0,762.6878216847626,280.0,762.6933241854172
2025-11-15 00:00:00+00:00,0.0,0.005502500654493718,284.0,711.0380701848015,284.0,711.0435726854561
2025-11-15 01:00:00+00:00,0.0,0.005502500654493718,296.0,869.9024313909921,296.0,869.9079338916466
2025-11-15 02:00:00+00:00,0.0,0.005653848485905903,312.0,927.59525830689,312.0,927.6009121553758
2025-11-15 03:00:00+00:00,0.0,0.057654118662561864,350.0,939.0899314244166,350.0,939.1475855430791
2025-11-15 04:00:00+00:00,0.0,0.058951456133566026,312.0,844.9064749089757,312.0,844.9654263651092
2025-11-15 05:00:00+00:00,197.0,231.6564546173078,268.0,737.1956222112689,465.0,968.8520768285766
2025-11-15 06:00:00+00:00,1742.0,1573.458371951384,205.0,699.415813745162,1947.0,2272.874185696546
2025-11-15 07:00:00+00:00,3619.0,2951.0132229778687,197.0,708.3285168270465,3816.0,3659.341739804915
2025-11-15 08:00:00+00:00,4663.0,3966.079901063115,204.0,520.693456055556,4867.0,4486.773357118671
2025-11-15 09:00:00+00:00,4869.0,4363.430190382423,188.0,349.27133891387655,5057.0,4712.701529296299
2025-11-15 10:00:00+00:00,4994.0,4492.606315371433,231.0,403.2554420489814,5225.0,4895.8617574204145
2025-11-15 11:00:00+00:00,4830.0,4320.093269151383,313.0,440.75153504178365,5143.0,4760.844804193166
2025-11-15 12:00:00+00:00,4102.0,3341.7051851607407,368.0,558.8682016076044,4470.0,3900.5733867683452
2025-11-15 13:00:00+00:00,2477.0,2450.799503239404,384.0,614.1636200720379,2861.0,3064.9631233114424
2025-11-15 14:00:00+00:00,607.0,790.8065148371466,349.0,605.84862013286,956.0,1396.6551349700067
2025-11-15 15:00:00+00:00,13.0,9.1383911153098,327.0,510.52827053016244,340.0,519.6666616454722
2025-11-15 16:00:00+00:00,0.0,0.09629872179379627,312.0,491.7826780220802,312.0,491.878976743874
2025-11-15 17:00:00+00:00,0.0,0.01918701899796219,384.0,444.7079483163643,384.0,444.7271353353623
2025-11-15 18:00:00+00:00,0.0,0.010381678068614937,401.0,416.8811255956392,401.0,416.8915072737078
2025-11-15 19:00:00+00:00,0.0,0.006126638136551568,433.0,488.53752567759545,433.0,488.543652315732
2025-11-15 20:00:00+00:00,0.0,0.00492547436426814,526.0,595.9527035007272,526.0,595.9576289750916
2025-11-15 21:00:00+00:00,0.0,0.004863382288098189,617.0,645.8641290592639,617.0,645.868992441552
2025-11-15 22:00:00+00:00,0.0,0.00492547436426814,616.0,644.4918885469494,616.0,644.4968140213138
2025-11-15 23:00:00+00:00,0.0,0.004863382288098189,629.0,612.4353816263666,629.0,612.4402450086548
2025-11-16 00:00:00+00:00,0.0,0.006930113136351486,680.0,540.9902366705671,680.0,540.9971667837035
2025-11-16 01:00:00+00:00,0.0,0.004863382288098189,636.0,439.44009533904045,636.0,439.44495872132853
2025-11-16 02:00:00+00:00,0.0,0.008379196385034286,598.0,374.78048136168604,598.0,374.78886055807106
2025-11-16 03:00:00+00:00,0.0,0.05829513843573339,561.0,346.90072926658013,561.0,346.95902440501584
2025-11-16 04:00:00+00:00,0.0,0.059651362218246386,517.0,254.72209958041287,517.0,254.7817509426311
2025-11-16 05:00:00+00:00,184.0,189.896794752801,495.0,138.32091616907132,679.0,328.2177109218723
2025-11-16 06:00:00+00:00,1660.0,1543.2966491847262,441.0,103.80373099125427,2101.0,1647.1003801759805
2025-11-16 07:00:00+00:00,3464.0,2978.783687445073,328.0,129.8200711123029,3792.0,3108.603758557376
2025-11-16 08:00:00+00:00,4515.0,4091.0976667408245,253.0,28.97402257475528,4768.0,4120.0716893155795
2025-11-16 09:00:00+00:00,4933.0,3821.232203586499,202.0,0.0,5135.0,3821.232203586499
2025-11-16 10:00:00+00:00,4973.0,4010.9050465920527,191.0,81.14789928959726,5164.0,4092.05294588165
2025-11-16 11:00:00+00:00,4646.0,4163.481291099041,199.0,214.066960720181,4845.0,4377.548251819222
2025-11-16 12:00:00+00:00,3860.0,3489.1913058626437,234.0,344.44987539764384,4094.0,3833.6411812602873
2025-11-16 13:00:00+00:00,2352.0,2295.0618073598594,297.0,279.486230799885,2649.0,2574.5480381597445
2025-11-16 14:00:00+00:00,624.0,607.0458408793744,392.0,254.45643892941678,1016.0,861.5022798087912
2025-11-16 15:00:00+00:00,10.0,13.198477492778602,530.0,307.70034737279923,540.0,320.8988248655778
2025-11-16 16:00:00+00:00,0.0,0.1327038368493495,593.0,287.017201095736,593.0,287.1499049325854
2025-11-16 17:00:00+00:00,0.0,0.03703382844691427,637.0,300.0812318658225,637.0,300.1182656942694
2025-11-16 18:00:00+00:00,0.0,0.02198496280337336,740.0,364.1054487367876,740.0,364.127433699591
2025-11-16 19:00:00+00:00,0.0,0.006126638136551568,868.0,494.0138751006374,868.0,494.02000173877394
2025-11-16 20:00:00+00:00,0.0,0.004863382288098189,1047.0,658.9355114614873,1047.0,658.9403748437754
2025-11-16 21:00:00+00:00,0.0,0.004863382288098189,1189.0,763.4629225489857,1189.0,763.4677859312739
2025-11-16 22:00:00+00:00,0.0,0.004863382288098189,1199.0,803.4859999705866,1199.0,803.4908633528747
2025-11-16 23:00:00+00:00,0.0,0.004863382288098189,1177.0,871.8077746578456,1177.0,871.8126380401337
2025-11-17 00:00:00+00:00,0.0,0.004863382288098189,1181.0,939.4659717093311,1181.0,939.4708350916193
2025-11-17 01:00:00+00:00,0.0,0.004863382288098189,1230.0,978.4938917054715,1230.0,978.4987550877596
2025-11-17 02:00:00+00:00,0.0,0.005014730119510373,1297.0,1012.162622423953,1297.0,1012.1676371540725
2025-11-17 03:00:00+00:00,0.0,0.05948305585528986,1442.0,1024.6864500990246,1442.0,1024.7459331548798
2025-11-17 04:00:00+00:00,0.0,0.035861062823284565,1639.0,1102.5894608627011,1639.0,1102.6253219255243
2025-11-17 05:00:00+00:00,119.0,149.77635867524674,1875.0,1151.6197334765043,1994.0,1301.396092151751
2025-11-17 06:00:00+00:00,831.0,1291.8985220253944,2079.0,1208.9533605550564,2910.0,2500.851882580451
2025-11-17 07:00:00+00:00,1840.0,2115.528926057895,2181.0,1223.9272671570395,4021.0,3339.4561932149345
2025-11-17 08:00:00+00:00,2292.0,2699.2242972428767,2334.0,1449.5445442039195,4626.0,4148.768841446796
2025-11-17 09:00:00+00:00,2507.0,3220.8617822134856,2491.0,1523.6449992441817,4998.0,4744.506781457667
2025-11-17 10:00:00+00:00,2447.0,3335.50919651803,2598.0,1629.7910096482333,5045.0,4965.300206166263
2025-11-17 11:00:00+00:00,2391.0,3329.4154512055015,2587.0,1595.923510718861,4978.0,4925.338961924363
2025-11-17 12:00:00+00:00,1659.0,3162.2587069132605,2737.0,1846.416244650693,4396.0,5008.674951563953
2025-11-17 13:00:00+00:00,1083.0,2022.8684241072613,2807.0,1870.493733474481,3890.0,3893.3621575817424
2025-11-17 14:00:00+00:00,463.0,497.4116315923121,2919.0,1865.7171570295964,3382.0,2363.1287886219084
2025-11-17 15:00:00+00:00,8.0,8.055965622719619,2973.0,2135.8534096748454,2981.0,2143.909375297565
2025-11-17 16:00:00+00:00,0.0,2.4140933332953383,3073.0,2125.531578581666,3073.0,2127.945671914961
2025-11-17 17:00:00+00:00,0.0,0.0136480808069528,3137.0,2106.736121142075,3137.0,2106.7497692228817
2025-11-17 18:00:00+00:00,0.0,0.008556384731772126,3222.0,2214.837529037807,3222.0,2214.846085422539
2025-11-17 19:00:00+00:00,0.0,0.006188730212721521,3238.0,2296.04637190424,3238.0,2296.0525606344527
2025-11-17 20:00:00+00:00,0.0,0.00492547436426814,3123.0,2395.782514201019,3123.0,2395.787439675383
2025-11-17 21:00:00+00:00,0.0,0.00492547436426814,2860.0,2387.488201550659,2860.0,2387.4931270250236
2025-11-17 22:00:00+00:00,0.0,0.00492547436426814,2924.0,2322.352568479881,2924.0,2322.3574939542455
2025-11-17 23:00:00+00:00,0.0,0.00492547436426814,2890.0,2392.6201193602524,2890.0,2392.625044834617
2025-11-18 00:00:00+00:00,0.0,0.00492547436426814,2800.0,2401.554605941455,2800.0,2401.5595314158195
2025-11-18 01:00:00+00:00,0.0,0.004863382288098189,2934.0,2429.720346793345,2934.0,2429.725210175633
2025-11-18 02:00:00+00:00,0.0,0.005014730119510373,3042.0,2543.2373692643114,3042.0,2543.242383994431
2025-11-18 03:00:00+00:00,0.0,0.031139559605002524,2912.0,2555.326618608414,2912.0,2555.357758168019
2025-11-18 04:00:00+00:00,0.0,0.032209624348733944,2795.0,2569.323072254503,2795.0,2569.3552818788517
2025-11-18 05:00:00+00:00,62.0,130.27259707414166,2751.0,2610.614005624204,2813.0,2740.8866026983455
2025-11-18 06:00:00+00:00,675.0,984.2277184710166,2710.0,2630.2402176281403,3385.0,3614.4679360991568
2025-11-18 07:00:00+00:00,1398.0,1992.3456775560303,2839.0,2609.3226065185754,4237.0,4601.668284074605
2025-11-18 08:00:00+00:00,1900.0,2584.514646874468,2944.0,2919.772019875955,4844.0,5504.286666750422
2025-11-18 09:00:00+00:00,2544.0,2681.265880054256,2929.0,2926.758990956354,5473.0,5608.02487101061
2025-11-18 10:00:00+00:00,2899.0,2685.3307771198834,2962.0,2883.1576541579966,5861.0,5568.4884312778795
2025-11-18 11:00:00+00:00,2492.0,2747.198667418529,3131.0,2767.34160923512,5623.0,5514.540276653649
2025-11-18 12:00:00+00:00,1752.0,2121.569905062588,3299.0,2956.6086123744694,5051.0,5078.178517437058
2025-11-18 13:00:00+00:00,1156.0,1255.606931592543,3300.0,2935.690126627714,4456.0,4191.297058220257
2025-11-18 14:00:00+00:00,346.0,451.5914060199269,3225.0,2844.116910797338,3571.0,3295.708316817265
2025-11-18 15:00:00+00:00,0.0,14.968055440377261,3137.0,2828.190460264069,3137.0,2843.158515704446
2025-11-18 16:00:00+00:00,0.0,3.0426784321398763,3110.0,2762.7962506026897,3110.0,2765.8389290348296
2025-11-18 17:00:00+00:00,0.0,0.017540262899867157,3111.0,2764.0975525399845,3111.0,2764.115092802884
2025-11-18 18:00:00+00:00,0.0,0.009570047562185225,3065.0,2716.1543388398,3065.0,2716.163908887362
2025-11-18 19:00:00+00:00,0.0,0.007202393043134619,3120.0,2653.0865541172525,3120.0,2653.0937565102954
2025-11-18 20:00:00+00:00,0.0,0.005407964498329975,3038.0,2630.435083449089,3038.0,2630.440491413587
2025-11-18 21:00:00+00:00,0.0,0.005407964498329975,2940.0,2573.7202373738996,2940.0,2573.725645338398
2025-11-18 22:00:00+00:00,0.0,0.005407964498329975,2781.0,2557.709762692692,2781.0,2557.7151706571904
2025-11-18 23:00:00+00:00,0.0,0.005407964498329975,2640.0,2422.4596746409206,2640.0,2422.465082605419
2025-11-19 00:00:00+00:00,0.0,0.005407964498329975,2497.0,2396.8944970660186,2497.0,2396.899905030517
2025-11-19 01:00:00+00:00,0.0,0.005407964498329975,2498.0,2451.686056128716,2498.0,2451.691464093214
2025-11-19 02:00:00+00:00,0.0,0.005559312329742157,2637.0,2474.8166722061796,2637.0,2474.8222315185094
2025-11-19 03:00:00+00:00,0.0,0.05969507770011583,2548.0,2389.894817681905,2548.0,2389.954512759605
2025-11-19 04:00:00+00:00,0.0,0.05025390294804896,2465.0,2383.887992883986,2465.0,2383.938246786934
2025-11-19 05:00:00+00:00,34.0,129.27489772877655,2404.0,2427.6277600518224,2438.0,2556.902657780599
2025-11-19 06:00:00+00:00,365.0,955.8458391937556,2407.0,2429.9749279871075,2772.0,3385.820767180863
2025-11-19 07:00:00+00:00,950.0,1368.9937214071986,2284.0,2382.2971810456147,3234.0,3751.2909024528135
2025-11-19 08:00:00+00:00,1542.0,2260.3396389036047,2248.0,2379.673108898532,3790.0,4640.012747802137
2025-11-19 09:00:00+00:00,1829.0,2501.9912634544353,2304.0,2422.0782712681157,4133.0,4924.069534722551
2025-11-19 10:00:00+00:00,1919.0,2583.635135691539,2364.0,2562.7177866974953,4283.0,5146.352922389035
2025-11-19 11:00:00+00:00,1821.0,2520.5962808269164,2405.0,2630.9273336816977,4226.0,5151.523614508615
2025-11-19 12:00:00+00:00,1376.0,2289.030238527576,2483.0,2712.7167317519725,3859.0,5001.746970279548
2025-11-19 13:00:00+00:00,714.0,1289.7714631302472,2551.0,2534.16684648688,3265.0,3823.938309617127
2025-11-19 14:00:00+00:00,206.0,506.94726730921207,2652.0,2463.5710379265015,2858.0,2970.5183052357133
2025-11-19 15:00:00+00:00,0.0,3.839813488107968,2550.0,2362.2362066177493,2550.0,2366.0760201058574
2025-11-19 16:00:00+00:00,0.0,2.6868469023581514,2478.0,2348.487230094604,2478.0,2351.174076996962
2025-11-19 17:00:00+00:00,0.0,0.017540262899867157,2418.0,2305.4699314182167,2418.0,2305.4874716811164
2025-11-19 18:00:00+00:00,0.0,0.009570047562185225,2375.0,2341.1669528782413,2375.0,2341.1765229258035
2025-11-19 19:00:00+00:00,0.0,0.007202393043134619,2415.0,2281.1598452864996,2415.0,2281.1670476795425
2025-11-19 20:00:00+00:00,0.0,0.005407964498329975,2415.0,2170.529058379924,2415.0,2170.5344663444225
2025-11-19 21:00:00+00:00,0.0,0.005407964498329975,2482.0,2092.8006163500113,2482.0,2092.8060243145096
2025-11-19 22:00:00+00:00,0.0,0.005407964498329975,2576.0,2119.568927624192,2576.0,2119.5743355886902
2025-11-19 23:00:00+00:00,0.0,0.005407964498329975,2490.0,2047.0293132351894,2490.0,2047.0347211996877
2025-11-20 00:00:00+00:00,0.0,0.005345872422160022,2287.0,2201.7419781755452,2287.0,2201.7473240479676
2025-11-20 01:00:00+00:00,0.0,0.005407964498329975,2076.0,2150.6005627597015,2076.0,2150.6059707242
2025-11-20 02:00:00+00:00,0.0,0.005559312329742157,2167.0,2106.7889633336595,2167.0,2106.794522645989
2025-11-20 03:00:00+00:00,0.0,0.04918383820431753,2369.0,2031.2575108799942,2369.0,2031.3066947181985
2025-11-20 04:00:00+00:00,0.0,0.03255251145502238,2652.0,1832.7180199976565,2652.0,1832.7505725091114
2025-11-20 05:00:00+00:00,58.0,101.4510399032734,2649.0,1824.4191097870175,2707.0,1925.8701496902909
2025-11-20 06:00:00+00:00,672.0,792.5856855273153,2758.0,2102.3890365899333,3430.0,2894.9747221172483
2025-11-20 07:00:00+00:00,1592.0,2181.6885203775482,2728.0,2083.778199088013,4320.0,4265.466719465561
2025-11-20 08:00:00+00:00,2666.0,2955.2916750952527,2708.0,2125.112728854433,5374.0,5080.404403949686
2025-11-20 09:00:00+00:00,3575.0,3740.3140677897154,2456.0,2592.480130893685,6031.0,6332.7941986834
2025-11-20 10:00:00+00:00,3863.0,3797.799315672643,2311.0,2668.5628619522286,6174.0,6466.362177624871
2025-11-20 11:00:00+00:00,3416.0,3683.5964956113353,2381.0,2681.873182115965,5797.0,6365.4696777273
2025-11-20 12:00:00+00:00,2517.0,2568.65712813282,2493.0,2410.4900078256574,5010.0,4979.1471359584775
2025-11-20 13:00:00+00:00,1372.0,2005.9663882808672,2523.0,2412.29114259813,3895.0,4418.257530878997
2025-11-20 14:00:00+00:00,336.0,447.84613441884744,2542.0,2500.0202731196555,2878.0,2947.866407538503
2025-11-20 15:00:00+00:00,6.0,3.748729784923026,2652.0,2339.8576321677156,2658.0,2343.6063619526385
2025-11-20 16:00:00+00:00,0.0,2.6165377496968194,2667.0,2417.4147741916995,2667.0,2420.0313119413963
2025-11-20 17:00:00+00:00,0.0,0.01747817082369721,2683.0,2358.4252433462034,2683.0,2358.442721517027
2025-11-20 18:00:00+00:00,0.0,0.009507955486015273,2742.0,2211.8165007293674,2742.0,2211.8260086848536
2025-11-20 19:00:00+00:00,0.0,0.007140300966964667,2833.0,2094.4657232092077,2833.0,2094.4728635101746
2025-11-20 20:00:00+00:00,0.0,0.005345872422160022,2961.0,2335.594482983878,2961.0,2335.5998288563005
2025-11-20 21:00:00+00:00,0.0,0.005345872422160022,3052.0,2524.118896296717,3052.0,2524.1242421691395
2025-11-20 22:00:00+00:00,0.0,0.005345872422160022,3098.0,2602.1219410890703,3098.0,2602.1272869614927
2025-11-20 23:00:00+00:00,0.0,0.005345872422160022,3195.0,2613.0946946206154,3195.0,2613.100040493038
2025-11-21 00:00:00+00:00,0.0,0.005345872422160022,3238.0,2757.478406912918,3238.0,2757.4837527853406
2025-11-21 01:00:00+00:00,0.0,0.005345872422160022,3244.0,2630.381569350903,3244.0,2630.3869152233256
2025-11-21 02:00:00+00:00,0.0,0.005497220253572205,3302.0,2618.4288386148964,3302.0,2618.43433583515
2025-11-21 03:00:00+00:00,0.0,0.03148244671129096,3274.0,2670.766549489769,3274.0,2670.7980319364806
2025-11-21 04:00:00+00:00,0.0,0.03255251145502238,3225.0,2911.971325329946,3225.0,2912.003877841401
2025-11-21 05:00:00+00:00,54.0,182.75793992654602,3174.0,2955.2978077437365,3228.0,3138.0557476702825
2025-11-21 06:00:00+00:00,586.0,1443.781376174831,3269.0,2981.103075481714,3855.0,4424.884451656545
2025-11-21 07:00:00+00:00,1461.0,2210.948465772214,3182.0,2923.596404750358,4643.0,5134.544870522572
2025-11-21 08:00:00+00:00,2216.0,3064.9891617597727,3093.0,3083.545813146363,5309.0,6148.534974906135
2025-11-21 09:00:00+00:00,2534.0,2926.1700720151957,3044.0,3122.0377333958904,5578.0,6048.207805411086
2025-11-21 10:00:00+00:00,2690.0,3359.8987135753623,3137.0,3127.6476262562182,5827.0,6487.546339831581
2025-11-21 11:00:00+00:00,2502.0,3011.0209392084107,3256.0,3218.462127558083,5758.0,6229.483066766494
2025-11-21 12:00:00+00:00,1865.0,2677.1913436545838,3258.0,3194.6188950506858,5123.0,5871.8102387052695
2025-11-21 13:00:00+00:00,1026.0,1807.6628070081838,3245.0,3087.1689524159947,4271.0,4894.831759424178
2025-11-21 14:00:00+00:00,226.0,502.44550483062676,3319.0,2973.8343878001933,3545.0,3476.27989263082
2025-11-21 15:00:00+00:00,5.0,6.259249442358316,3385.0,3134.7540754045376,3390.0,3141.013324846896
2025-11-21 16:00:00+00:00,0.0,2.7142028277961083,3313.0,2979.7703975575873,3313.0,2982.4846003853836
2025-11-21 17:00:00+00:00,0.0,0.014674833121125063,3193.0,3008.025653768488,3193.0,3008.0403286016094
2025-11-21 18:00:00+00:00,0.0,0.008710572110879446,3106.0,2869.7349833460075,3106.0,2869.7436939181184
2025-11-21 19:00:00+00:00,0.0,0.006342917591828843,2895.0,2934.573459555014,2895.0,2934.5798024726055
2025-11-21 20:00:00+00:00,0.0,0.0050796617433754646,2847.0,3032.5900970401817,2847.0,3032.595176701925
2025-11-21 21:00:00+00:00,0.0,0.0050796617433754646,2841.0,2957.0610501531555,2841.0,2957.066129814899
2025-11-21 22:00:00+00:00,0.0,0.0050796617433754646,2788.0,2874.3361530071898,2788.0,2874.341232668933
2025-11-21 23:00:00+00:00,0.0,0.0050796617433754646,2832.0,2862.623440495639,2832.0,2862.6285201573824
2025-11-22 00:00:00+00:00,0.0,0.0050796617433754646,2870.0,2539.4592724837526,2870.0,2539.464352145496
2025-11-22 01:00:00+00:00,0.0,0.0050175696672055126,2880.0,2465.960418917236,2880.0,2465.9654364869034
2025-11-22 02:00:00+00:00,0.0,0.005168917498617697,2880.0,2407.0318130072637,2880.0,2407.036981924762
2025-11-22 03:00:00+00:00,0.0,0.045218868766262875,2780.0,2319.415754775002,2780.0,2319.4609736437683
2025-11-22 04:00:00+00:00,0.0,0.0462889335099943,2674.0,2292.466959122354,2674.0,2292.513248055864
2025-11-22 05:00:00+00:00,64.0,105.73124912516145,2589.0,2368.1295676019363,2653.0,2473.8608167270977
2025-11-22 06:00:00+00:00,997.0,792.8152153075139,2457.0,2054.4997728639282,3454.0,2847.314988171442
2025-11-22 07:00:00+00:00,2203.0,1576.2421093044977,2344.0,1844.6096078912892,4547.0,3420.851717195787
2025-11-22 08:00:00+00:00,2584.0,2517.8309375688923,2232.0,1796.5810352563587,4816.0,4314.411972825251
2025-11-22 09:00:00+00:00,2345.0,2583.6035617188027,2348.0,1945.3870218074553,4693.0,4528.990583526258
2025-11-22 10:00:00+00:00,2207.0,2645.254688760177,2578.0,2184.0406036057375,4785.0,4829.295292365914
2025-11-22 11:00:00+00:00,1896.0,2619.297148959671,2794.0,2447.001826334368,4690.0,5066.298975294039
2025-11-22 12:00:00+00:00,1646.0,2339.590706485593,3202.0,2502.926417088781,4848.0,4842.517123574374
2025-11-22 13:00:00+00:00,932.0,1287.7289434558334,3276.0,2381.118518046348,4208.0,3668.8474615021814
2025-11-22 14:00:00+00:00,289.0,345.2322689249066,3144.0,2585.5301571145874,3433.0,2930.762426039494
2025-11-22 15:00:00+00:00,4.0,7.126463878428582,3066.0,2586.8056373529653,3070.0,2593.932101231394
2025-11-22 16:00:00+00:00,0.0,2.9934996775966347,3051.0,2489.71278773662,3051.0,2492.7062874142166
2025-11-22 17:00:00+00:00,0.0,0.017540262899867157,3071.0,2243.531135816592,3071.0,2243.5486760794915
2025-11-22 18:00:00+00:00,0.0,0.009570047562185225,3139.0,2251.46704034881,3139.0,2251.476610396372
2025-11-22 19:00:00+00:00,0.0,0.007202393043134619,3058.0,2162.364856931531,3058.0,2162.372059324574
2025-11-22 20:00:00+00:00,0.0,0.005407964498329975,2958.0,2183.752130915713,2958.0,2183.7575388802115
2025-11-22 21:00:00+00:00,0.0,0.005407964498329975,2953.0,2147.987507215089,2953.0,2147.9929151795873
2025-11-22 22:00:00+00:00,0.0,0.005407964498329975,2871.0,2208.675231939967,2871.0,2208.6806399044654
2025-11-22 23:00:00+00:00,0.0,0.005407964498329975,2858.0,2143.929781581011,2858.0,2143.9351895455093
2025-11-23 00:00:00+00:00,0.0,0.005407964498329975,2808.0,2211.31577911874,2808.0,2211.3211870832383
2025-11-23 01:00:00+00:00,0.0,0.005407964498329975,2839.0,2074.4418726672543,2839.0,2074.4472806317526
2025-11-23 02:00:00+00:00,0.0,0.005559312329742157,2951.0,1982.640193656154,2951.0,1982.6457529684837
2025-11-23 03:00:00+00:00,0.0,0.033621742600586854,3004.0,1875.6251100207123,3004.0,1875.658731763313
2025-11-23 04:00:00+00:00,0.0,0.03255251145502238,2987.0,1865.9815674983427,2987.0,1866.0141200097976
2025-11-23 05:00:00+00:00,44.0,138.62848914690386,2838.0,1926.475525740767,2882.0,2065.104014887671
2025-11-23 06:00:00+00:00,936.0,1071.428822259515,2426.0,1857.1148804184613,3362.0,2928.5437026779764
2025-11-23 07:00:00+00:00,2104.0,2225.1026755887924,1947.0,2045.989759549695,4051.0,4271.092435138487
2025-11-23 08:00:00+00:00,2336.0,2441.9884768204665,1704.0,1501.5881934217891,4040.0,3943.5766702422557
2025-11-23 09:00:00+00:00,2660.0,2677.866508484096,1819.0,1616.4403125913807,4479.0,4294.306821075476
2025-11-23 10:00:00+00:00,2791.0,3268.196730084003,1830.0,1692.0517008822967,4621.0,4960.2484309663
2025-11-23 11:00:00+00:00,2788.0,3475.6946015422977,1866.0,1778.12121176944,4654.0,5253.815813311738
2025-11-23 12:00:00+00:00,2460.0,2994.038887337719,2069.0,2011.467929468935,4529.0,5005.506816806654
2025-11-23 13:00:00+00:00,1881.0,2143.996744589212,2286.0,1944.1553585832048,4167.0,4088.152103172417
2025-11-23 14:00:00+00:00,599.0,516.8133499699438,2467.0,1786.7324357191774,3066.0,2303.545785689121
2025-11-23 15:00:00+00:00,4.0,7.346149031986466,2300.0,1911.3584661938985,2304.0,1918.704615225885
2025-11-23 16:00:00+00:00,0.0,0.09489913898436664,2167.0,1942.9508556362503,2167.0,1943.0457547752346
2025-11-23 17:00:00+00:00,0.0,0.01747817082369721,2169.0,1863.9826181744595,2169.0,1864.0000963452833
2025-11-23 18:00:00+00:00,0.0,0.009507955486015273,2248.0,2069.4347153657673,2248.0,2069.4442233212535
2025-11-23 19:00:00+00:00,0.0,0.007140300966964667,2213.0,1819.2960406108484,2213.0,1819.3031809118154
2025-11-23 20:00:00+00:00,0.0,0.005345872422160022,2139.0,1676.1231878943354,2139.0,1676.1285337667575
2025-11-23 21:00:00+00:00,0.0,0.005345872422160022,2099.0,1629.1926800609522,2099.0,1629.1980259333743
2025-11-23 22:00:00+00:00,0.0,0.005345872422160022,1946.0,1600.2634956492857,1946.0,1600.2688415217078
2025-11-23 23:00:00+00:00,0.0,0.005984990788555551,1873.0,1550.7159631703976,1873.0,1550.7219481611862
2025-11-24 00:00:00+00:00,0.0,0.005984990788555551,1777.0,1619.1481001676284,1777.0,1619.154085158417
2025-11-24 01:00:00+00:00,0.0,0.005984990788555551,1602.0,1620.120376746188,1602.0,1620.1263617369766
2025-11-24 02:00:00+00:00,0.0,0.006136338619967734,1524.0,1606.1099894141707,1524.0,1606.1161257527908
2025-11-24 03:00:00+00:00,0.0,0.060334196066511366,1358.0,1610.062637360265,1358.0,1610.1229715563315
2025-11-24 04:00:00+00:00,0.0,0.06140426081024279,1226.0,1526.6949042745282,1226.0,1526.7563085353383
2025-11-24 05:00:00+00:00,93.0,79.16756564062362,1114.0,1481.622824954065,1207.0,1560.7903905946887
2025-11-24 06:00:00+00:00,1284.0,1196.2508282660099,970.0,1405.8870391328246,2254.0,2602.1378673988347
2025-11-24 07:00:00+00:00,3201.0,2172.961278511988,839.0,1177.3553408390976,4040.0,3350.3166193510856
2025-11-24 08:00:00+00:00,4338.0,2784.2556736795377,669.0,961.435496177397,5007.0,3745.6911698569347
2025-11-24 09:00:00+00:00,4496.0,3223.3049144599727,483.0,919.5720298065132,4979.0,4142.876944266486
2025-11-24 10:00:00+00:00,4508.0,3195.7602813920053,492.0,840.0380296344629,5000.0,4035.798311026468
2025-11-24 11:00:00+00:00,4310.0,3153.964077760216,603.0,836.2935147245792,4913.0,3990.257592484795
2025-11-24 12:00:00+00:00,3838.0,3082.136578444519,936.0,982.21467994921,4774.0,4064.351258393729
2025-11-24 13:00:00+00:00,2562.0,2388.087853412403,990.0,1078.138140073639,3552.0,3466.225993486042
2025-11-24 14:00:00+00:00,629.0,747.8119794387337,972.0,1255.757501044456,1601.0,2003.5694804831896
2025-11-24 15:00:00+00:00,4.0,5.364083358343634,995.0,1288.3580122379742,999.0,1293.7220955963178
2025-11-24 16:00:00+00:00,0.0,0.32414383296466526,863.0,1212.6264362696982,863.0,1212.9505801026628
2025-11-24 17:00:00+00:00,0.0,0.021284851700294528,772.0,1055.0324004448157,772.0,1055.053685296516
2025-11-24 18:00:00+00:00,0.0,0.010348766680724906,784.0,979.6915101020196,784.0,979.7018588687004
2025-11-24 19:00:00+00:00,0.0,0.007981112161674301,887.0,983.9333477096416,887.0,983.9413288218033
2025-11-24 20:00:00+00:00,0.0,0.0059403170366407266,1037.0,1089.811514387328,1037.0,1089.8174547043648
2025-11-24 21:00:00+00:00,0.0,0.005885637954249957,1231.0,1229.9720516183525,1231.0,1229.9779372563066
2025-11-24 22:00:00+00:00,0.0,0.006290456435961217,1313.0,1333.1561926486866,1313.0,1333.1624831051224
2025-11-24 23:00:00+00:00,0.0,0.006290456435961217,1353.0,1403.692379250087,1353.0,1403.6986697065229
2025-11-25 00:00:00+00:00,0.0,0.00594773003041991,1270.0,1379.2926914300917,1270.0,1379.298639160122
2025-11-25 01:00:00+00:00,0.0,0.0063525485121311695,1365.0,1329.0887558451382,1365.0,1329.0951083936502
2025-11-25 02:00:00+00:00,0.0,0.0067928753106183916,1431.0,1277.3493474970794,1431.0,1277.35614037239
2025-11-25 03:00:00+00:00,0.0,0.05686826103562976,1546.0,1183.1758231612228,1546.0,1183.2326914222583
2025-11-25 04:00:00+00:00,0.0,0.053172377146386875,1653.0,1216.9731323611434,1653.0,1217.0263047382898
2025-11-25 05:00:00+00:00,86.0,100.81561824063282,1640.0,1105.765821795912,1726.0,1206.5814400365448
2025-11-25 06:00:00+00:00,863.0,1483.7328855444277,1594.0,1130.556751434208,2457.0,2614.289636978636
2025-11-25 07:00:00+00:00,1736.0,3384.368031511422,1531.0,1166.5370525424414,3267.0,4550.905084053864
2025-11-25 08:00:00+00:00,1962.0,3392.4893401286954,1567.0,1149.1455604237156,3529.0,4541.634900552411
2025-11-25 09:00:00+00:00,2040.0,2798.756550893001,1715.0,1068.665510851218,3755.0,3867.422061744219
2025-11-25 10:00:00+00:00,2099.0,2753.673637442657,1738.0,1038.8563564969015,3837.0,3792.529993939558
2025-11-25 11:00:00+00:00,1736.0,3407.7914603215836,1897.0,1078.7672542622763,3633.0,4486.55871458386
2025-11-25 12:00:00+00:00,1139.0,3072.1123891423795,2092.0,1328.9845621252948,3231.0,4401.096951267675
2025-11-25 13:00:00+00:00,697.0,1413.076516548339,2199.0,1396.7523366535638,2896.0,2809.828853201903
2025-11-25 14:00:00+00:00,258.0,421.30025356758733,2200.0,1486.2826245947117,2458.0,1907.582878162299
2025-11-25 15:00:00+00:00,0.0,3.265650590788673,2266.0,1579.6484523218332,2266.0,1582.914102912622
2025-11-25 16:00:00+00:00,0.0,0.3100136922720245,2434.0,1416.0080164029052,2434.0,1416.3180300951772
2025-11-25 17:00:00+00:00,0.0,0.021192756397357154,2558.0,1364.4561703531842,2558.0,1364.4773631095816
2025-11-25 18:00:00+00:00,0.0,0.010256671377787534,2695.0,1558.4847792491032,2695.0,1558.495035920481
2025-11-25 19:00:00+00:00,0.0,0.007889016858736931,2852.0,1478.2318600175793,2852.0,1478.239749034438
2025-11-25 20:00:00+00:00,0.0,0.005848221733703356,2901.0,1505.361467119326,2901.0,1505.3673153410598
2025-11-25 21:00:00+00:00,0.0,0.005559242766628319,2993.0,1602.0388749951705,2993.0,1602.0444342379371
2025-11-25 22:00:00+00:00,0.0,0.005154424284917056,3153.0,1545.4445576251126,3153.0,1545.4497120493975
2025-11-25 23:00:00+00:00,0.0,0.00492547436426814,3294.0,1441.6672084135432,3294.0,1441.6721338879074
2025-11-26 00:00:00+00:00,0.0,0.00492547436426814,3372.0,1264.5807734127384,3372.0,1264.5856988871026
2025-11-26 01:00:00+00:00,0.0,0.00492547436426814,3277.0,1356.6391836997586,3277.0,1356.6441091741228
2025-11-26 02:00:00+00:00,0.0,0.005076822195680325,3209.0,1569.7962111805273,3209.0,1569.801288002723
2025-11-26 03:00:00+00:00,0.0,0.03360761516412603,3106.0,1848.5234052739456,3106.0,1848.5570128891097
2025-11-26 04:00:00+00:00,0.0,0.03467767990785745,3130.0,1794.8923722694644,3130.0,1794.9270499493723
2025-11-26 05:00:00+00:00,70.0,66.57614652303525,3170.0,1791.3084068017517,3240.0,1857.884553324787
2025-11-26 06:00:00+00:00,933.0,558.6276506277237,3192.0,2109.894358903319,4125.0,2668.5220095310424
2025-11-26 07:00:00+00:00,2130.0,1263.5822764451625,3026.0,2039.0739688757963,5156.0,3302.656245320959
2025-11-26 08:00:00+00:00,2494.0,2158.284951798434,2814.0,2076.4446662025357,5308.0,4234.72961800097
2025-11-26 09:00:00+00:00,2529.0,2427.895783420029,2894.0,2221.90151583475,5423.0,4649.797299254779
2025-11-26 10:00:00+00:00,2456.0,2772.7970041240164,3237.0,2462.0750798318413,5693.0,5234.872083955857
2025-11-26 11:00:00+00:00,1997.0,2928.6402218457865,3353.0,2548.9307191849084,5350.0,5477.570941030695
2025-11-26 12:00:00+00:00,1444.0,2032.1751214699848,3293.0,2274.2367398846472,4737.0,4306.4118613546325
2025-11-26 13:00:00+00:00,928.0,1450.3657021658119,3173.0,2339.917077529898,4101.0,3790.28277969571
2025-11-26 14:00:00+00:00,210.0,383.892903377669,3193.0,2338.8779655285744,3403.0,2722.7708689062433
2025-11-26 15:00:00+00:00,0.0,0.910514333811539,3271.0,2498.5635272329755,3271.0,2499.474041566787
2025-11-26 16:00:00+00:00,0.0,0.16944773040066838,3270.0,2442.9960800675435,3270.0,2443.1655277979444
2025-11-26 17:00:00+00:00,0.0,0.01747817082369721,3249.0,2640.148324332483,3249.0,2640.1658025033066
2025-11-26 18:00:00+00:00,0.0,0.009507955486015273,3323.0,2535.764216670672,3323.0,2535.773724626158
2025-11-26 19:00:00+00:00,0.0,0.007140300966964667,3449.0,2651.0711081326644,3449.0,2651.0782484336314
2025-11-26 20:00:00+00:00,0.0,0.005345872422160022,3434.0,2630.948360989776,3434.0,2630.9537068621985
2025-11-26 21:00:00+00:00,0.0,0.005345872422160022,3405.0,2579.487476155302,3405.0,2579.4928220277243
2025-11-26 22:00:00+00:00,0.0,0.005345872422160022,3480.0,2381.416573908111,3480.0,2381.4219197805332
2025-11-26 23:00:00+00:00,0.0,0.005345872422160022,3518.0,2774.72489069907,3518.0,2774.7302365714922
2025-11-27 00:00:00+00:00,0.0,0.005345872422160022,3484.0,2713.3337029161607,3484.0,2713.339048788583
2025-11-27 01:00:00+00:00,0.0,0.005345872422160022,3260.0,2837.1463667470807,3260.0,2837.151712619503
2025-11-27 02:00:00+00:00,0.0,0.005497220253572205,3112.0,2847.3122663610825,3112.0,2847.317763581336
2025-11-27 03:00:00+00:00,0.0,0.04787562405256749,3017.0,2895.7661287001665,3017.0,2895.8140043242192
2025-11-27 04:00:00+00:00,0.0,0.048945688796298924,2841.0,2965.394299775432,2841.0,2965.4432454642283
2025-11-27 05:00:00+00:00,27.0,162.48375712172333,2813.0,3000.972089575983,2840.0,3163.455846697706
2025-11-27 06:00:00+00:00,273.0,1513.8083930331964,2962.0,2861.777825518079,3235.0,4375.586218551276
2025-11-27 07:00:00+00:00,602.0,2283.754437163424,2944.0,2749.220885176319,3546.0,5032.975322339743
2025-11-27 08:00:00+00:00,769.0,2406.0207737177257,3138.0,2552.1726470520225,3907.0,4958.193420769749
2025-11-27 09:00:00+00:00,914.0,2520.896046664818,2892.0,2579.754941201619,3806.0,5100.650987866437
2025-11-27 10:00:00+00:00,958.0,2872.9330917400393,2754.0,2940.920262521363,3712.0,5813.853354261402
2025-11-27 11:00:00+00:00,816.0,2940.4335876130767,2618.0,3059.3978699857726,3434.0,5999.83145759885
2025-11-27 12:00:00+00:00,602.0,1602.269908895806,2459.0,2152.82444073008,3061.0,3755.094349625886
2025-11-27 13:00:00+00:00,263.0,1374.5066261263503,2332.0,2202.3995866435525,2595.0,3576.9062127699026
2025-11-27 14:00:00+00:00,74.0,254.7207592715193,2451.0,2304.996630708418,2525.0,2559.7173899799373
2025-11-27 15:00:00+00:00,0.0,1.5270300513600603,2375.0,2342.9609757972257,2375.0,2344.488005848586
2025-11-27 16:00:00+00:00,0.0,0.3857891832078842,2379.0,2428.575968505883,2379.0,2428.961757689091
2025-11-27 17:00:00+00:00,0.0,0.023613601764905002,2485.0,2351.123225313454,2485.0,2351.1468389152187
2025-11-27 18:00:00+00:00,0.0,0.009798997482834141,2563.0,2192.4486888567662,2563.0,2192.458487854249
2025-11-27 19:00:00+00:00,0.0,0.008208882240363731,2373.0,2040.4061493476745,2373.0,2040.4143582299148
2025-11-27 20:00:00+00:00,0.0,0.01003376351095768,2098.0,2235.6692937016974,2098.0,2235.679327465208
2025-11-27 21:00:00+00:00,0.0,0.006330711867765189,2144.0,2314.562093864119,2144.0,2314.5684245759867
2025-11-27 22:00:00+00:00,0.0,0.006330711867765189,2135.0,2216.910444460762,2135.0,2216.9167751726295
2025-11-27 23:00:00+00:00,0.0,0.006330711867765189,1730.0,2185.065474721169,1730.0,2185.0718054330364
2025-11-28 00:00:00+00:00,0.0,0.006330711867765189,1720.0,2279.4453770648406,1720.0,2279.451707776708
2025-11-28 01:00:00+00:00,0.0,0.006330711867765189,1859.0,2044.9383471437523,1859.0,2044.94467785562
2025-11-28 02:00:00+00:00,0.0,0.006482059699177374,1891.0,1986.306732829183,1891.0,1986.3132148888822
2025-11-28 03:00:00+00:00,0.0,0.05293055165261685,1698.0,2065.8189361652603,1698.0,2065.871866716913
2025-11-28 04:00:00+00:00,0.0,0.04221479050349114,1374.0,2007.0436720599455,1374.0,2007.085886850449
2025-11-28 05:00:00+00:00,10.0,46.516212523425864,1414.0,2054.8190027617793,1424.0,2101.3352152852053
2025-11-28 06:00:00+00:00,182.0,398.23302081376875,1513.0,1953.983348253672,1695.0,2352.2163690674406
2025-11-28 07:00:00+00:00,501.0,1044.4819718546735,1418.0,1929.7332223927874,1919.0,2974.215194247461
2025-11-28 08:00:00+00:00,998.0,1726.3616411643736,1528.0,2263.7176951158767,2526.0,3990.0793362802506
2025-11-28 09:00:00+00:00,1472.0,2020.808856955901,1766.0,2057.8829404316075,3238.0,4078.691797387509
2025-11-28 10:00:00+00:00,1612.0,2050.389921806197,2120.0,1938.1571890549217,3732.0,3988.5471108611187
2025-11-28 11:00:00+00:00,1391.0,1845.0735511878822,2136.0,2090.45836548205,3527.0,3935.531916669932
2025-11-28 12:00:00+00:00,1115.0,1171.2607121548892,2108.0,2000.073195389891,3223.0,3171.3339075447802
2025-11-28 13:00:00+00:00,663.0,774.6201733448182,2077.0,1905.9036223937753,2740.0,2680.5237957385934
2025-11-28 14:00:00+00:00,189.0,220.20102157858787,1810.0,1771.9767924824268,1999.0,1992.1778140610147
2025-11-28 15:00:00+00:00,0.0,1.8249509462847637,1695.0,1957.0175226535407,1695.0,1958.8424735998256
2025-11-28 16:00:00+00:00,0.0,0.5403928767784841,1475.0,2070.910339508709,1475.0,2071.4507323854878
2025-11-28 17:00:00+00:00,0.0,0.026509510295278087,1519.0,1872.6820732376166,1519.0,1872.7085827479118
2025-11-28 18:00:00+00:00,0.0,0.011208242132030683,1538.0,2126.558640632476,1538.0,2126.569848874608
2025-11-28 19:00:00+00:00,0.0,0.00861370072207499,1530.0,2064.14875859888,1530.0,2064.157372299602
2025-11-28 20:00:00+00:00,0.0,0.0055748223428089385,1411.0,2003.7675245306286,1411.0,2003.7730993529715
2025-11-28 21:00:00+00:00,0.0,0.006213940709204466,1492.0,2101.76548955371,1492.0,2101.771703494419
2025-11-28 22:00:00+00:00,0.0,0.006213940709204466,1397.0,2247.9488607712187,1397.0,2247.955074711928
2025-11-28 23:00:00+00:00,0.0,0.0055748223428089385,1192.0,2235.740683433054,1192.0,2235.7462582553967
2025-11-29 00:00:00+00:00,0.0,0.0064207868824696914,896.0,1712.872941195316,896.0,1712.8793619821984
2025-11-29 01:00:00+00:00,0.0,0.0064207868824696914,760.0,1942.2221825642307,760.0,1942.2286033511132
2025-11-29 02:00:00+00:00,0.0,0.006572134713881877,877.0,1604.2837532773515,877.0,1604.2903254120654
2025-11-29 03:00:00+00:00,0.0,0.03458962063681001,869.0,1405.1169658056237,869.0,1405.1515554262605
2025-11-29 04:00:00+00:00,0.0,0.03565968538054142,803.0,1555.0389554838455,803.0,1555.074615169226
2025-11-29 05:00:00+00:00,37.0,20.787495449096628,705.0,1302.3423655079,742.0,1323.1298609569967
2025-11-29 06:00:00+00:00,540.0,485.18135132590396,684.0,1669.098987562011,1224.0,2154.2803388879147
2025-11-29 07:00:00+00:00,1569.0,1242.5555576154068,559.0,1482.7840988271587,2128.0,2725.3396564425657
2025-11-29 08:00:00+00:00,2749.0,2356.4378387848424,586.0,1486.927178009166,3335.0,3843.3650167940086
2025-11-29 09:00:00+00:00,3430.0,2423.5056586250316,608.0,1617.6484643418626,4038.0,4041.154122966894
2025-11-29 10:00:00+00:00,3329.0,2793.428692704329,649.0,1741.421783488905,3978.0,4534.8504761932345
2025-11-29 11:00:00+00:00,2999.0,2826.814703053412,723.0,1664.3463946480883,3722.0,4491.161097701501
2025-11-29 12:00:00+00:00,2320.0,2237.2183580328206,764.0,1133.8958663343217,3084.0,3371.114224367142
2025-11-29 13:00:00+00:00,1155.0,1433.6354055356508,738.0,1187.3287507357475,1893.0,2620.964156271398
2025-11-29 14:00:00+00:00,246.0,334.6772667715658,705.0,893.600627637713,951.0,1228.2778944092788
2025-11-29 15:00:00+00:00,0.0,1.7586329357760644,666.0,870.4457043112686,666.0,872.2043372470447
2025-11-29 16:00:00+00:00,0.0,0.49912562659283277,673.0,997.7749342699278,673.0,998.2740598965206
2025-11-29 17:00:00+00:00,0.0,0.027249601745912077,791.0,672.1843996801214,791.0,672.2116492818673
2025-11-29 18:00:00+00:00,0.0,0.012087762412646126,901.0,815.921833408341,901.0,815.9339211707536
2025-11-29 19:00:00+00:00,0.0,0.009720107893595524,976.0,613.9686154007202,976.0,613.9783355086138
2025-11-29 20:00:00+00:00,0.0,0.010672881877353204,991.0,651.8162133475535,991.0,651.8268862294308
2025-11-29 21:00:00+00:00,0.0,0.010672881877353204,1074.0,864.0914570616003,1074.0,864.1021299434776
2025-11-29 22:00:00+00:00,0.0,0.006482878958639643,1153.0,664.8652045433755,1153.0,664.8716874223342
2025-11-29 23:00:00+00:00,0.0,0.0062760327853744165,1208.0,462.8484956968971,1208.0,462.85477172968245
2025-11-30 00:00:00+00:00,0.0,0.006213940709204466,1289.0,526.2589981374143,1289.0,526.2652120781236
2025-11-30 01:00:00+00:00,0.0,0.006213940709204466,1235.0,546.9555793066271,1235.0,546.9617932473363
2025-11-30 02:00:00+00:00,0.0,0.00677010702232791,1152.0,460.7661075179809,1152.0,460.7728776250032
2025-11-30 03:00:00+00:00,0.0,0.05734593972988592,1104.0,320.19399009621054,1104.0,320.2513360359404
2025-11-30 04:00:00+00:00,0.0,0.040714612980590786,1062.0,277.73920962260706,1062.0,277.77992423558766
2025-11-30 05:00:00+00:00,56.0,62.907452685336395,1047.0,293.6625625030131,1103.0,356.5700151883495
2025-11-30 06:00:00+00:00,1000.0,891.0620561618431,1128.0,626.6089374730608,2128.0,1517.6709936349039
2025-11-30 07:00:00+00:00,2375.0,2256.105306825394,1125.0,442.261939665241,3500.0,2698.367246490635
2025-11-30 08:00:00+00:00,3323.0,2869.2467085505687,1165.0,398.89850385988996,4488.0,3268.1452124104585
2025-11-30 09:00:00+00:00,3722.0,3451.515381439676,1231.0,579.941761040428,4953.0,4031.457142480104
2025-11-30 10:00:00+00:00,3985.0,3460.9453185977527,1223.0,581.8328614095307,5208.0,4042.7781800072835
2025-11-30 11:00:00+00:00,3747.0,3231.003477129034,1213.0,755.1752525408701,4960.0,3986.178729669904
2025-11-30 12:00:00+00:00,3226.0,3129.742530357365,1246.0,881.2633311069899,4472.0,4011.005861464355
2025-11-30 13:00:00+00:00,1951.0,1749.0025175173532,1220.0,999.1344689256418,3171.0,2748.1369864429953
2025-11-30 14:00:00+00:00,435.0,404.400222129947,1202.0,750.921793834442,1637.0,1155.322015964389
2025-11-30 15:00:00+00:00,3.0,1.4744471129950119,1170.0,596.7083937260985,1173.0,598.1828408390935
2025-11-30 16:00:00+00:00,0.0,0.06944139344900095,1115.0,330.9184404364754,1115.0,330.9878818299244
2025-11-30 17:00:00+00:00,0.0,0.04004279019507349,1162.0,298.77354983142004,1162.0,298.8135926216151
2025-11-30 18:00:00+00:00,0.0,0.02096607962084816,1172.0,160.63115011062223,1172.0,160.65211619024308
2025-11-30 19:00:00+00:00,0.0,0.016695333326165143,1117.0,290.5861504386927,1117.0,290.60284577201884
2025-11-30 20:00:00+00:00,0.0,0.008382035932729424,1107.0,404.90457694175063,1107.0,404.9129589776834
2025-11-30 21:00:00+00:00,0.0,0.005656688033601042,1073.0,580.3478203132406,1073.0,580.3534770012742
2025-11-30 22:00:00+00:00,0.0,0.005656688033601042,1119.0,664.4516251305814,1119.0,664.457281818615
2025-11-30 23:00:00+00:00,0.0,0.005656688033601042,1148.0,696.2530455691532,1148.0,696.2587022571868
2025-12-01 00:00:00+00:00,0.0,0.005656688033601042,1170.0,1031.865008989544,1170.0,1031.8706656775778
2025-12-01 01:00:00+00:00,0.0,0.005656688033601042,1118.0,972.287453284312,1118.0,972.2931099723456
2025-12-01 02:00:00+00:00,0.0,0.0058080358650132256,1020.0,993.947521621532,1020.0,993.953329657397
2025-12-01 03:00:00+00:00,0.0,0.05662492312624206,923.0,1009.4279111283522,923.0,1009.4845360514785
2025-12-01 04:00:00+00:00,0.0,0.05792226059724622,810.0,862.136082835817,810.0,862.1940050964142
2025-12-01 05:00:00+00:00,58.0,76.06614966773682,690.0,668.431021018635,748.0,744.4971706863718
2025-12-01 06:00:00+00:00,1173.0,1550.8621164411963,546.0,723.1074776929659,1719.0,2273.9695941341624
2025-12-01 07:00:00+00:00,3039.0,3176.7484224630216,421.0,685.8188217118732,3460.0,3862.5672441748948
2025-12-01 08:00:00+00:00,4250.0,3561.2013741756437,292.0,528.5878332362525,4542.0,4089.7892074118963
2025-12-01 09:00:00+00:00,4826.0,3598.135031195645,232.0,566.5858771806,5058.0,4164.720908376245
2025-12-01 10:00:00+00:00,5069.0,4387.788931174628,211.0,545.4652227626223,5280.0,4933.25415393725
2025-12-01 11:00:00+00:00,4751.0,4048.9670389823254,217.0,572.0218121170157,4968.0,4620.988851099341
2025-12-01 12:00:00+00:00,3977.0,3678.931056379276,203.0,708.9557749540952,4180.0,4387.886831333371
2025-12-01 13:00:00+00:00,2467.0,2583.6012983830237,211.0,656.6821578055809,2678.0,3240.2834561886048
2025-12-01 14:00:00+00:00,567.0,603.5828828962201,208.0,596.4135443119883,775.0,1199.9964272082084
2025-12-01 15:00:00+00:00,0.0,2.615140181210828,175.0,438.72916459658177,175.0,441.3443047777926
2025-12-01 16:00:00+00:00,0.0,0.084934888918116,118.0,385.4823939872831,118.0,385.5673288762012
2025-12-01 17:00:00+00:00,0.0,0.03166900905158192,102.0,488.51728041371223,102.0,488.5489494227638
2025-12-01 18:00:00+00:00,0.0,0.015369413589883536,102.0,499.24751149853194,102.0,499.26288091212183
2025-12-01 19:00:00+00:00,0.0,0.016541145947057818,119.0,365.0581241446381,119.0,365.07466529058513
2025-12-01 20:00:00+00:00,0.0,0.013758844272440835,112.0,408.43363688182956,112.0,408.447395726102
2025-12-01 21:00:00+00:00,0.0,0.015811435114688813,102.0,466.7126676382312,102.0,466.7284790733459
2025-12-01 22:00:00+00:00,0.0,0.008289940629792054,104.0,541.939626896999,104.0,541.9479168376288
2025-12-01 23:00:00+00:00,0.0,0.006084817164771304,109.0,562.3825884538414,109.0,562.3886732710062
2025-12-02 00:00:00+00:00,0.0,0.015811435114688813,120.0,493.88181078706396,120.0,493.89762222217865
2025-12-02 01:00:00+00:00,0.0,0.008289940629792054,124.0,519.0012691787992,124.0,519.009559119429
2025-12-02 02:00:00+00:00,0.0,0.015962782946100994,113.0,476.8697937308334,113.0,476.8857565137795
2025-12-02 03:00:00+00:00,0.0,0.032419697744569584,87.0,444.1756952930484,87.0,444.208114990793
2025-12-02 04:00:00+00:00,0.0,0.03348976248830101,69.0,369.72504857283366,69.0,369.75853833532193
2025-12-02 05:00:00+00:00,61.0,82.72245674455776,82.0,315.1228259645934,143.0,397.84528270915115
2025-12-02 06:00:00+00:00,971.0,1328.5315903098751,82.0,325.489075807248,1053.0,1654.0206661171233
2025-12-02 07:00:00+00:00,2296.0,2407.7629042810936,82.0,330.7602312374395,2378.0,2738.5231355185333
2025-12-02 08:00:00+00:00,3209.0,3201.4553393188507,99.0,225.36338465976917,3308.0,3426.81872397862
2025-12-02 09:00:00+00:00,3564.0,3519.2804373874114,102.0,221.99574003833936,3666.0,3741.2761774257506
2025-12-02 10:00:00+00:00,3513.0,3878.51337733827,145.0,294.4884191658682,3658.0,4173.001796504138
2025-12-02 11:00:00+00:00,3463.0,3851.742810394731,167.0,359.4096397875984,3630.0,4211.15245018233
2025-12-02 12:00:00+00:00,2857.0,3607.3162239918015,163.0,483.3796169255396,3020.0,4090.6958409173412
2025-12-02 13:00:00+00:00,1613.0,2312.1880403682358,174.0,381.56721975396863,1787.0,2693.755260122204
2025-12-02 14:00:00+00:00,362.0,584.8421469997999,182.0,392.80901628030085,544.0,977.6511632801007
2025-12-02 15:00:00+00:00,0.0,1.4094056541824551,199.0,413.5565899409346,199.0,414.9659955951171
2025-12-02 16:00:00+00:00,0.0,0.1900366658649036,222.0,295.9714278523602,222.0,296.1614645182251
2025-12-02 17:00:00+00:00,0.0,0.05027260542461987,256.0,176.8843222393184,256.0,176.93459484474303
2025-12-02 18:00:00+00:00,0.0,0.02016132188177431,314.0,198.60088158420024,314.0,198.621042906082
2025-12-02 19:00:00+00:00,0.0,0.06266564305308168,311.0,201.92045982632135,311.0,201.98312546937444
2025-12-02 20:00:00+00:00,0.0,0.06511321435637028,331.0,169.4932152835795,331.0,169.55832849793586
2025-12-02 21:00:00+00:00,0.0,0.06476307495704979,405.0,205.02945924635833,405.0,205.09422232131539
2025-12-02 22:00:00+00:00,0.0,0.06476307495704979,469.0,208.79670381217898,469.0,208.86146688713603
2025-12-02 23:00:00+00:00,0.0,0.06476307495704979,485.0,183.67613309756644,485.0,183.7408961725235
2025-12-03 00:00:00+00:00,0.0,0.06476307495704979,520.0,266.9070856997696,520.0,266.97184877472665
2025-12-03 01:00:00+00:00,0.0,0.06681566579929778,586.0,389.2279625167587,586.0,389.294778182558
2025-12-03 02:00:00+00:00,0.0,0.06696701363070996,533.0,407.07973511152125,533.0,407.14670212515193
2025-12-03 03:00:00+00:00,0.0,0.08251674242710347,504.0,323.69416213632087,504.0,323.776678878748
2025-12-03 04:00:00+00:00,0.0,0.07788926792183641,556.0,306.4108189168844,556.0,306.4887081848062
2025-12-03 05:00:00+00:00,11.0,62.82380465474995,633.0,334.7900188079966,644.0,397.61382346274655
2025-12-03 06:00:00+00:00,193.0,744.5464006299414,696.0,388.34767748807053,889.0,1132.894078118012
2025-12-03 07:00:00+00:00,476.0,2105.360243554078,805.0,332.73669181078265,1281.0,2438.0969353648607
2025-12-03 08:00:00+00:00,754.0,2423.17326420243,758.0,381.4960066723255,1512.0,2804.6692708747555
2025-12-03 09:00:00+00:00,953.0,2567.293683652853,726.0,544.0646141335089,1679.0,3111.3582977863616
2025-12-03 10:00:00+00:00,983.0,2749.81886610172,727.0,585.1642896104763,1710.0,3334.983155712196
2025-12-03 11:00:00+00:00,928.0,2717.919998486279,832.0,655.7012807831611,1760.0,3373.62127926944
2025-12-03 12:00:00+00:00,675.0,2535.6351348770086,876.0,698.8548835115078,1551.0,3234.4900183885165
2025-12-03 13:00:00+00:00,340.0,1351.051756585411,1029.0,660.8576632928097,1369.0,2011.909419878221
2025-12-03 14:00:00+00:00,64.0,329.2919243727604,1162.0,578.2285949770961,1226.0,907.5205193498565
2025-12-03 15:00:00+00:00,0.0,0.7905690948034746,1234.0,693.0855893689761,1234.0,693.8761584637796
2025-12-03 16:00:00+00:00,0.0,0.6062364476596357,1237.0,689.2448960604698,1237.0,689.8511325081295
2025-12-03 17:00:00+00:00,0.0,0.031267470875062806,1234.0,718.0224986241701,1234.0,718.0537660950451
2025-12-03 18:00:00+00:00,0.0,0.010256671377787534,1340.0,831.3128287423526,1340.0,831.3230854137304
2025-12-03 19:00:00+00:00,0.0,0.007889016858736931,1363.0,1076.9386359472603,1363.0,1076.9465249641191
2025-12-03 20:00:00+00:00,0.0,0.005848221733703356,1336.0,1148.7494131678188,1336.0,1148.7552613895525
2025-12-03 21:00:00+00:00,0.0,0.005848221733703356,1359.0,1135.7002636601603,1359.0,1135.706111881894
2025-12-03 22:00:00+00:00,0.0,0.005848221733703356,1413.0,1107.7756426653268,1413.0,1107.7814908870605
2025-12-03 23:00:00+00:00,0.0,0.005848221733703356,1367.0,1063.2574762627007,1367.0,1063.2633244844344
2025-12-04 00:00:00+00:00,0.0,0.005848221733703356,1356.0,1121.1436929458512,1356.0,1121.1495411675849
2025-12-04 01:00:00+00:00,0.0,0.005848221733703356,1465.0,1163.3633708986608,1465.0,1163.3692191203945
2025-12-04 02:00:00+00:00,0.0,0.005999569565115541,1575.0,1103.8628302052489,1575.0,1103.868829774814
2025-12-04 03:00:00+00:00,0.0,0.039845925679602504,1610.0,1261.9073576548437,1610.0,1261.9472035805234
2025-12-04 04:00:00+00:00,0.0,0.035861062823284565,1613.0,1514.6395487201305,1613.0,1514.6754097829537
2025-12-04 05:00:00+00:00,9.0,10.112663647823343,1774.0,1540.1342038511275,1783.0,1550.246867498951
2025-12-04 06:00:00+00:00,174.0,245.61120405562622,1918.0,1542.5450557999056,2092.0,1788.156259855532
2025-12-04 07:00:00+00:00,451.0,457.5291966854666,1875.0,1424.3982011787214,2326.0,1881.927397864188
2025-12-04 08:00:00+00:00,748.0,964.3409437380516,1917.0,1614.0433261216206,2665.0,2578.3842698596723
2025-12-04 09:00:00+00:00,924.0,1375.3104633817075,2007.0,1636.2057353918328,2931.0,3011.51619877354
2025-12-04 10:00:00+00:00,683.0,1418.1732394407827,1927.0,1616.3807247724376,2610.0,3034.5539642132203
2025-12-04 11:00:00+00:00,472.0,1384.874600785001,1833.0,1765.2350306131489,2305.0,3150.1096313981498
2025-12-04 12:00:00+00:00,284.0,1088.8661223204724,1918.0,1351.5884838112743,2202.0,2440.454606131747
2025-12-04 13:00:00+00:00,184.0,396.65531243219056,1776.0,1561.151197493049,1960.0,1957.8065099252397
2025-12-04 14:00:00+00:00,52.0,145.49799856642142,1711.0,1699.629715401698,1763.0,1845.1277139681192
2025-12-04 15:00:00+00:00,0.0,0.7866330242077243,1717.0,1907.5663582484913,1717.0,1908.352991272699
2025-12-04 16:00:00+00:00,0.0,0.5720570911233075,1581.0,1674.522572619484,1581.0,1675.0946297106073
2025-12-04 17:00:00+00:00,0.0,0.018964834704873743,1730.0,1945.9131656295103,1730.0,1945.932130464215
2025-12-04 18:00:00+00:00,0.0,0.009570047562185225,1793.0,1805.1561808299957,1793.0,1805.165750877558
2025-12-04 19:00:00+00:00,0.0,0.007202393043134619,1578.0,1878.5287373336946,1578.0,1878.5359397267378
2025-12-04 20:00:00+00:00,0.0,0.006047082864725502,1397.0,1800.2162903164822,1397.0,1800.222337399347
2025-12-04 21:00:00+00:00,0.0,0.006047082864725502,1357.0,1726.0722081879194,1357.0,1726.0782552707842
2025-12-04 22:00:00+00:00,0.0,0.007474695346583268,1360.0,1946.9463260962855,1360.0,1946.9538007916321
2025-12-04 23:00:00+00:00,0.0,0.007474695346583268,1399.0,2015.1272649397692,1399.0,2015.134739635116
2025-12-05 00:00:00+00:00,0.0,0.005407964498329975,1334.0,1929.3405036117879,1334.0,1929.3459115762862
2025-12-05 01:00:00+00:00,0.0,0.005407964498329975,1367.0,2461.806054080634,1367.0,2461.8114620451324
2025-12-05 02:00:00+00:00,0.0,0.005559312329742157,1566.0,2542.873188624292,1566.0,2542.878747936622
2025-12-05 03:00:00+00:00,0.0,0.03148244671129096,1772.0,2472.878036183815,1772.0,2472.9095186305262
2025-12-05 04:00:00+00:00,0.0,0.03255251145502238,1784.0,2739.291940731902,1784.0,2739.3244932433568
2025-12-05 05:00:00+00:00,4.0,14.893520333745261,1786.0,2866.7079790976604,1790.0,2881.6014994314055
2025-12-05 06:00:00+00:00,71.0,259.2091889721169,1729.0,2873.504281250693,1800.0,3132.71347022281
2025-12-05 07:00:00+00:00,214.0,564.3620478345633,1575.0,2387.5652031986574,1789.0,2951.9272510332207
2025-12-05 08:00:00+00:00,382.0,1251.7631781519447,1612.0,2270.8742336730493,1994.0,3522.637411824994
2025-12-05 09:00:00+00:00,471.0,1554.4449708116265,1510.0,2016.4209309014363,1981.0,3570.865901713063
2025-12-05 10:00:00+00:00,467.0,1439.8477334757447,1520.0,1962.3043457146741,1987.0,3402.1520791904186
2025-12-05 11:00:00+00:00,423.0,744.2358668929509,1653.0,1833.1392743621157,2076.0,2577.3751412550664
2025-12-05 12:00:00+00:00,331.0,593.461592930203,1907.0,2428.2439655114713,2238.0,3021.7055584416744
2025-12-05 13:00:00+00:00,178.0,308.6419010973931,2017.0,2213.534739903287,2195.0,2522.1766410006803
2025-12-05 14:00:00+00:00,42.0,112.25653940127515,2111.0,2100.3054748102804,2153.0,2212.5620142115554
2025-12-05 15:00:00+00:00,0.0,0.5784269294905854,2267.0,2069.7623367883843,2267.0,2070.340763717875
2025-12-05 16:00:00+00:00,0.0,0.5022548502861803,2540.0,2121.962529326465,2540.0,2122.464784176751
2025-12-05 17:00:00+00:00,0.0,0.019767018231677674,2650.0,2229.7962801889835,2650.0,2229.816047207215
2025-12-05 18:00:00+00:00,0.0,0.010449567842800671,2750.0,2500.735940481174,2750.0,2500.746390049017
2025-12-05 19:00:00+00:00,0.0,0.00950952580560783,2747.0,2489.3117674404184,2747.0,2489.321276966224
2025-12-05 20:00:00+00:00,0.0,0.006047082864725502,2738.0,2458.910570441157,2738.0,2458.9166175240216
2025-12-05 21:00:00+00:00,0.0,0.006047082864725502,2822.0,2461.7940654150134,2822.0,2461.800112497878
2025-12-05 22:00:00+00:00,0.0,0.006047082864725502,2719.0,2487.275840475073,2719.0,2487.281887557938
2025-12-05 23:00:00+00:00,0.0,0.006047082864725502,2685.0,2516.961850237436,2685.0,2516.967897320301
2025-12-06 00:00:00+00:00,0.0,0.005407964498329975,2640.0,2204.870930026811,2640.0,2204.8763379913094
2025-12-06 01:00:00+00:00,0.0,0.006047082864725502,2368.0,1980.9007209242218,2368.0,1980.9067680070866
2025-12-06 02:00:00+00:00,0.0,0.006136338619967734,2039.0,1866.1221099046047,2039.0,1866.1282462432248
2025-12-06 03:00:00+00:00,0.0,0.032121565077686494,1758.0,1878.3831609433412,1758.0,1878.4152825084188
2025-12-06 04:00:00+00:00,0.0,0.05089302131444449,1498.0,1666.5452803616427,1498.0,1666.5961733829572
2025-12-06 05:00:00+00:00,14.0,5.986206974013778,1370.0,1738.4856502823486,1384.0,1744.4718572563625
2025-12-06 06:00:00+00:00,357.0,236.91169055638383,1232.0,1685.9789814434369,1589.0,1922.8906719998206
2025-12-06 07:00:00+00:00,993.0,666.4479894455984,1008.0,1551.9811157588906,2001.0,2218.429105204489
2025-12-06 08:00:00+00:00,1482.0,1087.6641909684968,891.0,1552.1879274286844,2373.0,2639.852118397181
2025-12-06 09:00:00+00:00,1659.0,1576.388650947746,759.0,1219.5356156896762,2418.0,2795.924266637422
2025-12-06 10:00:00+00:00,1628.0,1798.5308628429818,656.0,1169.5849922087284,2284.0,2968.1158550517102
2025-12-06 11:00:00+00:00,1511.0,1817.1376130237613,547.0,1104.0017645993903,2058.0,2921.1393776231516
2025-12-06 12:00:00+00:00,1094.0,1424.4136757697788,488.0,1142.0755448046054,1582.0,2566.4892205743845
2025-12-06 13:00:00+00:00,691.0,659.326321590766,516.0,1169.9210734925184,1207.0,1829.2473950832846
2025-12-06 14:00:00+00:00,160.0,121.29782795261464,590.0,1076.7480779816412,750.0,1198.0459059342559
2025-12-06 15:00:00+00:00,0.0,1.4163750534292543,633.0,1049.819784661255,633.0,1051.2361597146842
2025-12-06 16:00:00+00:00,0.0,0.25447999873521865,724.0,1236.123748864817,724.0,1236.378228863552
2025-12-06 17:00:00+00:00,0.0,0.021132538637365486,777.0,1586.4966793955937,777.0,1586.517811934231
2025-12-06 18:00:00+00:00,0.0,0.011815088248488481,867.0,1425.0785313987512,867.0,1425.0903464869998
2025-12-06 19:00:00+00:00,0.0,0.008081913323750065,882.0,1173.4598313305257,882.0,1173.4679132438496
2025-12-06 20:00:00+00:00,0.0,0.006047082864725502,868.0,1542.938120801622,868.0,1542.944167884487
2025-12-06 21:00:00+00:00,0.0,0.005984990788555551,934.0,1839.8997674315156,934.0,1839.9057524223042
2025-12-06 22:00:00+00:00,0.0,0.005984990788555551,954.0,1857.00428908725,954.0,1857.0102740780387
2025-12-06 23:00:00+00:00,0.0,0.005984990788555551,948.0,1861.8640484139366,948.0,1861.8700334047253
2025-12-07 00:00:00+00:00,0.0,0.005984990788555551,1036.0,1889.172219337413,1036.0,1889.1782043282017
2025-12-07 01:00:00+00:00,0.0,0.005984990788555551,1116.0,1594.2041174630463,1116.0,1594.210102453835
2025-12-07 02:00:00+00:00,0.0,0.006136338619967734,1134.0,1525.6967824269852,1134.0,1525.7029187656053
2025-12-07 03:00:00+00:00,0.0,0.032121565077686494,1151.0,1679.4264617734498,1151.0,1679.4585833385274
2025-12-07 04:00:00+00:00,0.0,0.03319162982141792,1218.0,1421.7085162379108,1218.0,1421.7417078677322
2025-12-07 05:00:00+00:00,13.0,23.1548068709883,1194.0,1301.8619062389598,1207.0,1325.0167131099481
2025-12-07 06:00:00+00:00,464.0,629.7374867434492,1126.0,1394.4600449392724,1590.0,2024.1975316827215
2025-12-07 07:00:00+00:00,1533.0,1954.8367194349269,1071.0,1204.4696943585768,2604.0,3159.3064137935035
2025-12-07 08:00:00+00:00,2363.0,2366.0286267373453,949.0,1042.3904709101578,3312.0,3408.419097647503
2025-12-07 09:00:00+00:00,2696.0,3058.1662361699046,921.0,849.0689854559051,3617.0,3907.2352216258096
2025-12-07 10:00:00+00:00,2682.0,3048.424823400063,978.0,737.4401242279564,3660.0,3785.8649476280193
2025-12-07 11:00:00+00:00,2380.0,2580.785805109114,1035.0,448.8777402220186,3415.0,3029.6635453311324
2025-12-07 12:00:00+00:00,1696.0,1790.211091499343,1058.0,638.1324241381151,2754.0,2428.343515637458
2025-12-07 13:00:00+00:00,891.0,1321.37239800742,971.0,606.2418555385489,1862.0,1927.614253545969
2025-12-07 14:00:00+00:00,202.0,285.15850236405373,932.0,587.9040072696674,1134.0,873.0625096337212
2025-12-07 15:00:00+00:00,0.0,0.4419399293677425,879.0,776.5657136540945,879.0,777.0076535834622
2025-12-07 16:00:00+00:00,0.0,0.20401917687733712,847.0,866.0594792296201,847.0,866.2634984064974
2025-12-07 17:00:00+00:00,0.0,0.019704926155507722,782.0,864.1398388886194,782.0,864.1595438147749
2025-12-07 18:00:00+00:00,0.0,0.010387475766630717,766.0,765.8576628028652,766.0,765.8680502786318
2025-12-07 19:00:00+00:00,0.0,0.008019821247580113,699.0,831.2823361102248,699.0,831.2903559314724
2025-12-07 20:00:00+00:00,0.0,0.006047082864725502,656.0,861.0441864251472,656.0,861.050233508012
2025-12-07 21:00:00+00:00,0.0,0.005984990788555551,721.0,926.9634030498754,721.0,926.969388040664
2025-12-07 22:00:00+00:00,0.0,0.006047082864725502,817.0,976.1477722129614,817.0,976.1538192958261
2025-12-07 23:00:00+00:00,0.0,0.005984990788555551,807.0,1025.46173766784,807.0,1025.4677226586286
2025-12-08 00:00:00+00:00,0.0,0.005984990788555551,877.0,1203.66192474528,877.0,1203.6679097360686
2025-12-08 01:00:00+00:00,0.0,0.005984990788555551,983.0,1330.900952261918,983.0,1330.9069372527067
2025-12-08 02:00:00+00:00,0.0,0.006136338619967734,1110.0,1406.3144083403454,1110.0,1406.3205446789655
2025-12-08 03:00:00+00:00,0.0,0.032121565077686494,1241.0,1495.4031832422884,1241.0,1495.435304807366
2025-12-08 04:00:00+00:00,0.0,0.03319162982141792,1438.0,1538.6920870224249,1438.0,1538.7252786522463
2025-12-08 05:00:00+00:00,9.0,22.194801947589525,1581.0,1568.5158739337862,1590.0,1590.7106758813757
2025-12-08 06:00:00+00:00,356.0,794.4620235201143,1737.0,1562.7702625171698,2093.0,2357.232286037284
2025-12-08 07:00:00+00:00,1297.0,2093.4342539916192,1750.0,1478.8229136639966,3047.0,3572.257167655616
2025-12-08 08:00:00+00:00,2189.0,2758.9356781109436,1789.0,1462.2101660459898,3978.0,4221.145844156934
2025-12-08 09:00:00+00:00,2819.0,3047.887867180643,1761.0,1508.9428160855089,4580.0,4556.830683266152
2025-12-08 10:00:00+00:00,2985.0,3431.010691176072,1898.0,1491.5091916967308,4883.0,4922.519882872803
2025-12-08 11:00:00+00:00,3032.0,3213.008215909167,2044.0,1365.7304726551997,5076.0,4578.738688564366
2025-12-08 12:00:00+00:00,2321.0,2490.389754692709,2033.0,1312.805651934295,4354.0,3803.195406627004
2025-12-08 13:00:00+00:00,1270.0,1658.6382840651509,2045.0,1410.0987154772815,3315.0,3068.7369995424324
2025-12-08 14:00:00+00:00,288.0,363.4310690520575,2197.0,1456.006471593089,2485.0,1819.4375406451463
2025-12-08 15:00:00+00:00,4.0,1.3397015087780875,2466.0,1600.1708285227605,2470.0,1601.5105300315386
2025-12-08 16:00:00+00:00,0.0,0.0688294013197137,2657.0,1622.1045527796273,2657.0,1622.173382180947
2025-12-08 17:00:00+00:00,0.0,0.01828035435050114,2740.0,1394.444839017485,2740.0,1394.4631193718355
2025-12-08 18:00:00+00:00,0.0,0.010387475766630717,2716.0,1419.94917836756,2716.0,1419.9595658433268
2025-12-08 19:00:00+00:00,0.0,0.008019821247580113,2672.0,1401.545977876212,2672.0,1401.5539976974596
2025-12-08 20:00:00+00:00,0.0,0.005984990788555551,2602.0,1422.463216037806,2602.0,1422.4692010285946
2025-12-08 21:00:00+00:00,0.0,0.005984990788555551,2564.0,1525.1767096780836,2564.0,1525.1826946688723
2025-12-08 22:00:00+00:00,0.0,0.005984990788555551,2499.0,1676.412937548586,2499.0,1676.4189225393745
2025-12-08 23:00:00+00:00,0.0,0.005984990788555551,2451.0,1642.7413873332825,2451.0,1642.7473723240712
2025-12-09 00:00:00+00:00,0.0,0.005984990788555551,2364.0,1542.2166823295856,2364.0,1542.2226673203743
2025-12-09 01:00:00+00:00,0.0,0.005984990788555551,2355.0,1557.7102629951676,2355.0,1557.7162479859562
2025-12-09 02:00:00+00:00,0.0,0.006136338619967734,2248.0,1457.6887852611296,2248.0,1457.6949215997497
2025-12-09 03:00:00+00:00,0.0,0.10348829419056693,2114.0,1424.0846081995778,2114.0,1424.1880964937684
2025-12-09 04:00:00+00:00,0.0,0.11443381680975623,1963.0,1514.9124790468236,1963.0,1515.0269128636332
2025-12-09 05:00:00+00:00,15.0,20.047514043240955,1911.0,1481.828144769757,1926.0,1501.875658812998
2025-12-09 06:00:00+00:00,596.0,657.9492337090375,1829.0,1608.4808409243187,2425.0,2266.430074633356
2025-12-09 07:00:00+00:00,1905.0,2360.64793124956,1712.0,1621.840202451763,3617.0,3982.488133701323
2025-12-09 08:00:00+00:00,2929.0,3409.7995055934916,1541.0,1514.735484367798,4470.0,4924.53498996129
2025-12-09 09:00:00+00:00,3433.0,3209.1746994848218,1376.0,1466.090826760633,4809.0,4675.265526245455
2025-12-09 10:00:00+00:00,3715.0,3290.72045787654,1335.0,1476.2495862766923,5050.0,4766.970044153232
2025-12-09 11:00:00+00:00,3706.0,3246.9792556715897,1345.0,1313.4601269004838,5051.0,4560.439382572074
2025-12-09 12:00:00+00:00,3208.0,2959.0913687029474,1319.0,1360.8635759830302,4527.0,4319.954944685977
2025-12-09 13:00:00+00:00,1950.0,1911.129022501489,1316.0,1393.6816911680062,3266.0,3304.8107136694953
2025-12-09 14:00:00+00:00,436.0,409.8630843808567,1272.0,1376.8177516539806,1708.0,1786.6808360348373
2025-12-09 15:00:00+00:00,4.0,5.681009979057144,1300.0,1525.1659428961852,1304.0,1530.8469528752423
2025-12-09 16:00:00+00:00,0.0,0.11973761202673133,1277.0,1579.9410500655615,1277.0,1580.0607876775882
2025-12-09 17:00:00+00:00,0.0,0.016700619227133937,1278.0,1543.9921553574854,1278.0,1544.0088559767125
2025-12-09 18:00:00+00:00,0.0,0.010387475766630717,1392.0,1543.802281439525,1392.0,1543.8126689152916
2025-12-09 19:00:00+00:00,0.0,0.008019821247580113,1391.0,1525.5135724128033,1391.0,1525.521592234051
2025-12-09 20:00:00+00:00,0.0,0.005984990788555551,1241.0,1444.5848695332995,1241.0,1444.5908545240882
2025-12-09 21:00:00+00:00,0.0,0.005984990788555551,1234.0,1400.7402001286605,1234.0,1400.7461851194491
2025-12-09 22:00:00+00:00,0.0,0.005984990788555551,1310.0,1186.3652570305871,1310.0,1186.3712420213758
2025-12-09 23:00:00+00:00,0.0,0.005984990788555551,1276.0,1038.4827752159915,1276.0,1038.4887602067802
2025-12-10 00:00:00+00:00,0.0,0.005984990788555551,1257.0,1076.9708646833778,1257.0,1076.9768496741665
2025-12-10 01:00:00+00:00,0.0,0.005984990788555551,1241.0,1151.085453521368,1241.0,1151.0914385121566
2025-12-10 02:00:00+00:00,0.0,0.006136338619967734,1211.0,1168.596473637183,1211.0,1168.602609975803
2025-12-10 03:00:00+00:00,0.0,0.032121565077686494,1170.0,1090.1008827451979,1170.0,1090.1330043102755
2025-12-10 04:00:00+00:00,0.0,0.03319162982141792,1098.0,950.3106347411967,1098.0,950.3438263710182
2025-12-10 05:00:00+00:00,22.0,19.945827498005116,920.0,848.2312827948681,942.0,868.1771102928732
2025-12-10 06:00:00+00:00,684.0,717.5998364301573,766.0,760.7814436440634,1450.0,1478.3812800742207
2025-12-10 07:00:00+00:00,2130.0,2153.246993489006,683.0,657.473698951704,2813.0,2810.72069244071
2025-12-10 08:00:00+00:00,3472.0,2762.76135947963,504.0,404.80243663502483,3976.0,3167.563796114655
2025-12-10 09:00:00+00:00,4009.0,3050.9020551648664,429.0,321.5717043911517,4438.0,3372.473759556018
2025-12-10 10:00:00+00:00,4079.0,2829.8404718579595,429.0,208.1961709396429,4508.0,3038.0366427976023
2025-12-10 11:00:00+00:00,3879.0,2461.632986765784,480.0,269.0482306503684,4359.0,2730.6812174161523
2025-12-10 12:00:00+00:00,3067.0,3024.6985697359028,556.0,487.43436454756034,3623.0,3512.1329342834633
2025-12-10 13:00:00+00:00,1824.0,2198.0975142780544,568.0,593.3348925221427,2392.0,2791.432406800197
2025-12-10 14:00:00+00:00,439.0,368.19632878949017,627.0,751.6305021501805,1066.0,1119.8268309396708
2025-12-10 15:00:00+00:00,5.0,3.5190582181266405,648.0,940.823464193167,653.0,944.3425224112935
2025-12-10 16:00:00+00:00,0.0,0.026830560513941136,765.0,1076.8154765981149,765.0,1076.8423071586287
2025-12-10 17:00:00+00:00,0.0,0.01438817225758678,781.0,1062.2052313901543,781.0,1062.219619562412
2025-12-10 18:00:00+00:00,0.0,0.00937381293621762,741.0,1125.9952658816974,741.0,1126.0046396946336
2025-12-10 19:00:00+00:00,0.0,0.0070061584171670155,879.0,1125.306550687912,879.0,1125.3135568463292
2025-12-10 20:00:00+00:00,0.0,0.005502500654493718,962.0,1092.2916971017075,962.0,1092.297199602362
2025-12-10 21:00:00+00:00,0.0,0.005502500654493718,978.0,1135.0208390775533,978.0,1135.0263415782078
2025-12-10 22:00:00+00:00,0.0,0.005502500654493718,923.0,1223.998868344177,923.0,1224.0043708448316
2025-12-10 23:00:00+00:00,0.0,0.005502500654493718,911.0,1230.9359859303286,911.0,1230.941488430983
2025-12-11 00:00:00+00:00,0.0,0.005502500654493718,978.0,1230.4010655394072,978.0,1230.4065680400618
2025-12-11 01:00:00+00:00,0.0,0.005502500654493718,1026.0,1334.5959573063599,1026.0,1334.6014598070144
2025-12-11 02:00:00+00:00,0.0,0.005653848485905903,1057.0,1330.509633110492,1057.0,1330.5152869589779
2025-12-11 03:00:00+00:00,0.0,0.05647073574713474,1040.0,1342.7585458283852,1040.0,1342.8150165641323
2025-12-11 04:00:00+00:00,0.0,0.050550134208156045,1041.0,1311.5597997176744,1041.0,1311.6103498518826
2025-12-11 05:00:00+00:00,21.0,28.4170390978028,1072.0,1199.4369389862127,1093.0,1227.8539780840156
2025-12-11 06:00:00+00:00,839.0,800.5915539457704,1077.0,1027.729487057472,1916.0,1828.3210410032425
2025-12-11 07:00:00+00:00,2597.0,2374.209670322557,952.0,1014.5390026754352,3549.0,3388.7486729979923
2025-12-11 08:00:00+00:00,3923.0,3336.7442115173267,848.0,752.6207202860501,4771.0,4089.3649318033767
2025-12-11 09:00:00+00:00,4432.0,3763.1595987554756,793.0,622.7425756015466,5225.0,4385.902174357022
2025-12-11 10:00:00+00:00,4525.0,3744.0542674113026,619.0,553.8655897027066,5144.0,4297.91985711401
2025-12-11 11:00:00+00:00,4382.0,3666.6370913883916,600.0,502.36680949642243,4982.0,4169.003900884814
2025-12-11 12:00:00+00:00,3724.0,3341.900954993215,510.0,519.7164454426239,4234.0,3861.6174004358386
2025-12-11 13:00:00+00:00,2258.0,2081.1400145902116,512.0,639.1715972911342,2770.0,2720.311611881346
2025-12-11 14:00:00+00:00,539.0,499.37671249404355,543.0,742.2216502167078,1082.0,1241.5983627107512
2025-12-11 15:00:00+00:00,4.0,5.041999921327811,533.0,866.5883699152846,537.0,871.6303698366124
2025-12-11 16:00:00+00:00,0.0,0.02669343026116008,595.0,863.2549581692604,595.0,863.2816515995215
2025-12-11 17:00:00+00:00,0.0,0.01581578473944455,548.0,763.0046584598567,548.0,763.0204742445961
2025-12-11 18:00:00+00:00,0.0,0.00937381293621762,521.0,775.8870296517562,521.0,775.8964034646924
2025-12-11 19:00:00+00:00,0.0,0.0070061584171670155,465.0,746.4250321188482,465.0,746.4320382772654
2025-12-11 20:00:00+00:00,0.0,0.005502500654493718,456.0,732.4124842347628,456.0,732.4179867354173
2025-12-11 21:00:00+00:00,0.0,0.005502500654493718,434.0,720.7366639178667,434.0,720.7421664185213
2025-12-11 22:00:00+00:00,0.0,0.005502500654493718,447.0,680.5298424804571,447.0,680.5353449811116
2025-12-11 23:00:00+00:00,0.0,0.005502500654493718,517.0,699.5186541429143,517.0,699.5241566435689
2025-12-12 00:00:00+00:00,0.0,0.005502500654493718,516.0,687.1238428170496,516.0,687.1293453177042
2025-12-12 01:00:00+00:00,0.0,0.005502500654493718,555.0,724.8526398376358,555.0,724.8581423382903
2025-12-12 02:00:00+00:00,0.0,0.005653848485905903,492.0,679.7822227457633,492.0,679.7878765942492
2025-12-12 03:00:00+00:00,0.0,0.05647073574713474,393.0,573.829676177972,393.0,573.8861469137191
2025-12-12 04:00:00+00:00,0.0,0.058409092991310405,336.0,493.8220889504703,336.0,493.8804980434616
2025-12-12 05:00:00+00:00,15.0,23.684955332288386,335.0,484.68664935084666,350.0,508.37160468313505
2025-12-12 06:00:00+00:00,717.0,930.2669640872418,315.0,469.27734537376887,1032.0,1399.5443094610107
2025-12-12 07:00:00+00:00,2435.0,2893.5234918521396,276.0,420.5642506587901,2711.0,3314.0877425109297
2025-12-12 08:00:00+00:00,3757.0,3709.5406961956514,221.0,308.2568974637886,3978.0,4017.7975936594403
2025-12-12 09:00:00+00:00,4504.0,3976.476291393179,234.0,270.0401987183933,4738.0,4246.516490111572
2025-12-12 10:00:00+00:00,4702.0,4320.382771600687,280.0,187.1835069987551,4982.0,4507.566278599443
2025-12-12 11:00:00+00:00,4504.0,3898.4101444608154,316.0,245.15443019624627,4820.0,4143.564574657062
2025-12-12 12:00:00+00:00,3816.0,3553.659864306961,365.0,379.4670314573667,4181.0,3933.126895764328
2025-12-12 13:00:00+00:00,2332.0,2430.8806607379174,383.0,405.0645472629702,2715.0,2835.9452080008878
2025-12-12 14:00:00+00:00,529.0,594.690898788224,394.0,384.3246323912308,923.0,979.0155311794548
2025-12-12 15:00:00+00:00,0.0,4.333052147802803,429.0,431.31839857654995,429.0,435.65145072435274
2025-12-12 16:00:00+00:00,0.0,0.13939386296352294,508.0,691.1608321587055,508.0,691.300226021669
2025-12-12 17:00:00+00:00,0.0,0.021660173683833488,543.0,793.0922859536422,543.0,793.113946127326
2025-12-12 18:00:00+00:00,0.0,0.009602762856866535,607.0,871.2003311866414,607.0,871.2099339494982
2025-12-12 19:00:00+00:00,0.0,0.007235108337815931,717.0,973.8181025608303,717.0,973.8253376691681
2025-12-12 20:00:00+00:00,0.0,0.005731450575142634,984.0,977.2897216306053,984.0,977.2954530811804
2025-12-12 21:00:00+00:00,0.0,0.005731450575142634,1285.0,1221.000206454529,1285.0,1221.0059379051042
2025-12-12 22:00:00+00:00,0.0,0.005731450575142634,1630.0,1342.9533459748432,1630.0,1342.9590774254184
2025-12-12 23:00:00+00:00,0.0,0.005731450575142634,1769.0,1483.7154563424679,1769.0,1483.721187793043
2025-12-13 00:00:00+00:00,0.0,0.005502500654493718,1704.0,1210.2737524416361,1704.0,1210.2792549422907
2025-12-13 01:00:00+00:00,0.0,0.005502500654493718,1784.0,1283.2338788831669,1784.0,1283.2393813838214
2025-12-13 02:00:00+00:00,0.0,0.005653848485905903,1790.0,1212.7688707965767,1790.0,1212.7745246450627
2025-12-13 03:00:00+00:00,0.0,0.03177867797139806,1721.0,1152.3483696207775,1721.0,1152.380148298749
2025-12-13 04:00:00+00:00,0.0,0.03284874271512948,1484.0,1151.4416526943344,1484.0,1151.4745014370494
2025-12-13 05:00:00+00:00,10.0,14.596434986666742,1398.0,1121.798385012409,1408.0,1136.3948199990757
2025-12-13 06:00:00+00:00,520.0,747.8990638697798,1357.0,953.1065358483519,1877.0,1701.0055997181316
2025-12-13 07:00:00+00:00,1739.0,2282.9585205389294,1481.0,1147.7829994682502,3220.0,3430.7415200071796
2025-12-13 08:00:00+00:00,2772.0,3285.073312899287,1502.0,1018.7216606479484,4274.0,4303.794973547236
2025-12-13 09:00:00+00:00,3176.0,3759.353150964742,1437.0,934.6732304098863,4613.0,4694.026381374628
2025-12-13 10:00:00+00:00,3347.0,3954.9768722041586,1396.0,892.9392533406942,4743.0,4847.916125544853
2025-12-13 11:00:00+00:00,3225.0,3810.6025765542504,1396.0,854.9530487568234,4621.0,4665.5556253110735
2025-12-13 12:00:00+00:00,2614.0,3261.4977881200284,1383.0,939.0828440567208,3997.0,4200.5806321767495
2025-12-13 13:00:00+00:00,1569.0,2272.639971083913,1428.0,980.6572049389457,2997.0,3253.297176022859
2025-12-13 14:00:00+00:00,362.0,538.7061483052854,1431.0,929.483378242067,1793.0,1468.1895265473524
2025-12-13 15:00:00+00:00,0.0,0.25686227967315034,1437.0,864.5566874703884,1437.0,864.8135497500615
2025-12-13 16:00:00+00:00,0.0,0.041511400171097446,1394.0,917.7514248431378,1394.0,917.7929362433089
2025-12-13 17:00:00+00:00,0.0,0.01438817225758678,1383.0,941.5184594314712,1383.0,941.5328476037288
2025-12-13 18:00:00+00:00,0.0,0.00937381293621762,1328.0,918.4338615899484,1328.0,918.4432354028846
2025-12-13 19:00:00+00:00,0.0,0.0070061584171670155,1353.0,988.4295644592628,1353.0,988.43657061768
2025-12-13 20:00:00+00:00,0.0,0.005502500654493718,1393.0,1074.5697072959863,1393.0,1074.5752097966408
2025-12-13 21:00:00+00:00,0.0,0.005502500654493718,1421.0,1107.3698326579115,1421.0,1107.375335158566
2025-12-13 22:00:00+00:00,0.0,0.005502500654493718,1384.0,1167.4437137494929,1384.0,1167.4492162501474
2025-12-13 23:00:00+00:00,0.0,0.005502500654493718,1388.0,1184.1494819019408,1388.0,1184.1549844025953
2025-12-14 00:00:00+00:00,0.0,0.005502500654493718,1484.0,1114.1602864296967,1484.0,1114.1657889303513
2025-12-14 01:00:00+00:00,0.0,0.005502500654493718,1477.0,1251.2265241581972,1477.0,1251.2320266588517
2025-12-14 02:00:00+00:00,0.0,0.005653848485905903,1459.0,1222.92228512708,1459.0,1222.927938975566
2025-12-14 03:00:00+00:00,0.0,0.03177867797139806,1372.0,1170.0203647720293,1372.0,1170.0521434500008
2025-12-14 04:00:00+00:00,0.0,0.03284874271512948,1102.0,1083.2352016909756,1102.0,1083.2680504336906
2025-12-14 05:00:00+00:00,12.0,10.510747392651295,951.0,979.0515317994647,963.0,989.562279192116
2025-12-14 06:00:00+00:00,726.0,593.7495441663982,859.0,1010.9336345499036,1585.0,1604.6831787163019
2025-12-14 07:00:00+00:00,2526.0,1924.4135956126383,654.0,1147.1886122216663,3180.0,3071.602207834305
2025-12-14 08:00:00+00:00,3869.0,2923.9295550906327,532.0,1002.1512653863152,4401.0,3926.080820476948
2025-12-14 09:00:00+00:00,4544.0,3572.4034136402274,450.0,811.8999235699397,4994.0,4384.303337210167
2025-12-14 10:00:00+00:00,4658.0,3578.679936568691,433.0,684.9989807504064,5091.0,4263.678917319097
2025-12-14 11:00:00+00:00,4378.0,3534.1739903198627,506.0,681.9980770418024,4884.0,4216.1720673616655
2025-12-14 12:00:00+00:00,3706.0,3004.5117063282537,536.0,756.2794996111998,4242.0,3760.7912059394534
2025-12-14 13:00:00+00:00,2269.0,1988.6444881248106,537.0,780.2388804011015,2806.0,2768.883368525912
2025-12-14 14:00:00+00:00,520.0,415.8573515338695,552.0,908.2879753641208,1072.0,1324.1453268979903
2025-12-14 15:00:00+00:00,0.0,1.3310353497150533,640.0,1018.2499335131856,640.0,1019.5809688629007
2025-12-14 16:00:00+00:00,0.0,0.027518364756212835,657.0,990.6833673609422,657.0,990.7108857256984
2025-12-14 17:00:00+00:00,0.0,0.014542359636694105,664.0,893.2375137336448,664.0,893.2520560932816
2025-12-14 18:00:00+00:00,0.0,0.009528000315324943,669.0,933.329362270754,669.0,933.3388902710693
2025-12-14 19:00:00+00:00,0.0,0.0071603457962743375,654.0,1092.7878849195718,654.0,1092.7950452653681
2025-12-14 20:00:00+00:00,0.0,0.005656688033601042,745.0,1217.466287566783,745.0,1217.4719442548167
2025-12-14 21:00:00+00:00,0.0,0.005656688033601042,908.0,1274.1357865107448,908.0,1274.1414431987785
2025-12-14 22:00:00+00:00,0.0,0.005656688033601042,1243.0,1337.2179719875476,1243.0,1337.2236286755813
2025-12-14 23:00:00+00:00,0.0,0.005656688033601042,1324.0,1369.6491916793361,1324.0,1369.6548483673698
2025-12-15 00:00:00+00:00,0.0,0.005656688033601042,1361.0,1524.3080109348782,1361.0,1524.313667622912
2025-12-15 01:00:00+00:00,0.0,0.005656688033601042,1312.0,1680.4221470049267,1312.0,1680.4278036929604
2025-12-15 02:00:00+00:00,0.0,0.0058080358650132256,1257.0,1822.1370947477576,1257.0,1822.1429027836225
2025-12-15 03:00:00+00:00,0.0,0.05662492312624206,1415.0,1760.349226511876,1415.0,1760.4058514350022
2025-12-15 04:00:00+00:00,0.0,0.0330029300942368,1665.0,1668.0178803519302,1665.0,1668.0508832820244
2025-12-15 05:00:00+00:00,17.0,16.06143588349891,1830.0,1552.0649435487098,1847.0,1568.1263794322088
2025-12-15 06:00:00+00:00,789.0,837.677518182035,1726.0,1439.9346961457152,2515.0,2277.6122143277503
2025-12-15 07:00:00+00:00,2631.0,2495.322838375812,1543.0,1412.3267291797345,4174.0,3907.649567555546
2025-12-15 08:00:00+00:00,3885.0,3640.15483777652,1373.0,1223.8585145815937,5258.0,4864.0133523581135
2025-12-15 09:00:00+00:00,4608.0,4182.624856039742,1233.0,1029.4814044905434,5841.0,5212.106260530285
2025-12-15 10:00:00+00:00,4832.0,4041.5238626105547,1158.0,827.1907510333787,5990.0,4868.714613643933
2025-12-15 11:00:00+00:00,4577.0,3934.725251106294,1041.0,796.034872532947,5618.0,4730.760123639241
2025-12-15 12:00:00+00:00,3826.0,3405.710017269955,1041.0,890.2377334319949,4867.0,4295.94775070195
2025-12-15 13:00:00+00:00,2383.0,2400.5683381226186,958.0,924.9917920646382,3341.0,3325.5601301872566
2025-12-15 14:00:00+00:00,571.0,513.816890860533,952.0,967.264271798671,1523.0,1481.081162659204
2025-12-15 15:00:00+00:00,4.0,1.5052914996978664,996.0,1037.0267092832682,1000.0,1038.5320007829662
2025-12-15 16:00:00+00:00,0.0,0.30894226370059596,930.0,1101.5104463671291,930.0,1101.8193886308297
2025-12-15 17:00:00+00:00,0.0,0.020461511122624648,900.0,1102.284851122983,900.0,1102.3053126341056
2025-12-15 18:00:00+00:00,0.0,0.009602762856866535,886.0,1063.7520229963902,886.0,1063.7616257592472
2025-12-15 19:00:00+00:00,0.0,0.0070061584171670155,787.0,1007.5543886841012,787.0,1007.5613948425184
2025-12-15 20:00:00+00:00,0.0,0.005502500654493718,813.0,909.0458640895587,813.0,909.0513665902132
2025-12-15 21:00:00+00:00,0.0,0.005502500654493718,889.0,877.1334408875587,889.0,877.1389433882132
2025-12-15 22:00:00+00:00,0.0,0.005502500654493718,952.0,916.0560434775402,952.0,916.0615459781948
2025-12-15 23:00:00+00:00,0.0,0.005502500654493718,935.0,871.1568772352831,935.0,871.1623797359376
2025-12-16 00:00:00+00:00,0.0,0.005502500654493718,988.0,743.475133728371,988.0,743.4806362290255
2025-12-16 01:00:00+00:00,0.0,0.005502500654493718,912.0,803.7199557237628,912.0,803.7254582244174
2025-12-16 02:00:00+00:00,0.0,0.005653848485905903,762.0,751.5185865518256,762.0,751.5242404003114
2025-12-16 03:00:00+00:00,0.0,0.05066737790688771,743.0,819.0069525839745,743.0,819.0576199618813
2025-12-16 04:00:00+00:00,0.0,0.050550134208156045,579.0,828.9538023625689,579.0,829.0043524967771
2025-12-16 05:00:00+00:00,20.0,15.193759407763425,452.0,845.8219843550497,472.0,861.0157437628131
2025-12-16 06:00:00+00:00,810.0,875.7211897991905,418.0,775.0889371580286,1228.0,1650.810126957219
2025-12-16 07:00:00+00:00,2375.0,2785.9101312774874,431.0,732.2756686205425,2806.0,3518.18579989803
2025-12-16 08:00:00+00:00,3326.0,3628.839700138479,513.0,596.8282840155962,3839.0,4225.667984154075
2025-12-16 09:00:00+00:00,3661.0,3794.0018013008985,594.0,510.9644419647103,4255.0,4304.966243265609
2025-12-16 10:00:00+00:00,3523.0,3906.4020232166913,657.0,482.51934058657116,4180.0,4388.9213638032625
2025-12-16 11:00:00+00:00,3156.0,3396.8242733412667,723.0,485.6024012828192,3879.0,3882.426674624086
2025-12-16 12:00:00+00:00,2202.0,2590.6741102703177,824.0,664.6125555264888,3026.0,3255.2866657968066
2025-12-16 13:00:00+00:00,1094.0,1554.3251692391655,804.0,684.3363589390602,1898.0,2238.6615281782256
2025-12-16 14:00:00+00:00,253.0,427.1301541138384,757.0,807.0481480773562,1010.0,1234.1783021911947
2025-12-16 15:00:00+00:00,0.0,3.455222174616657,781.0,1038.69214950514,781.0,1042.1473716797566
2025-12-16 16:00:00+00:00,0.0,0.3152879070889347,659.0,1053.9337753645505,659.0,1054.2490632716394
2025-12-16 17:00:00+00:00,0.0,0.014450264333756733,666.0,1026.3442489514623,666.0,1026.3586992157962
2025-12-16 18:00:00+00:00,0.0,0.009435905012387572,707.0,1139.2755170194282,707.0,1139.2849529244406
2025-12-16 19:00:00+00:00,0.0,0.0070682504933369675,813.0,1082.9160570650893,813.0,1082.9231253155826
2025-12-16 20:00:00+00:00,0.0,0.00556459273066367,1061.0,1102.8315955495152,1061.0,1102.837160142246
2025-12-16 21:00:00+00:00,0.0,0.00556459273066367,1195.0,1172.4097792491868,1195.0,1172.4153438419175
2025-12-16 22:00:00+00:00,0.0,0.00556459273066367,1276.0,1260.7027411574975,1276.0,1260.7083057502282
2025-12-16 23:00:00+00:00,0.0,0.00556459273066367,1388.0,1277.4681121993121,1388.0,1277.4736767920429
2025-12-17 00:00:00+00:00,0.0,0.00556459273066367,1421.0,1301.3836066224844,1421.0,1301.3891712152151
2025-12-17 01:00:00+00:00,0.0,0.00556459273066367,1443.0,1250.657734168716,1443.0,1250.6632987614466
2025-12-17 02:00:00+00:00,0.0,0.0057159405620758556,1459.0,1195.0510152741315,1459.0,1195.0567312146936
2025-12-17 03:00:00+00:00,0.0,0.04948006946442463,1519.0,1154.8989294606063,1519.0,1154.9484095300706
2025-12-17 04:00:00+00:00,0.0,0.03284874271512948,1442.0,1104.8006213735628,1442.0,1104.8334701162778
2025-12-17 05:00:00+00:00,13.0,19.993674939146874,1326.0,962.0732453627996,1339.0,982.0669203019465
2025-12-17 06:00:00+00:00,631.0,788.6908990337336,1201.0,877.5856097739934,1832.0,1666.276508807727
2025-12-17 07:00:00+00:00,2336.0,2336.820122680619,1055.0,1023.8085364426179,3391.0,3360.628659123237
2025-12-17 08:00:00+00:00,3726.0,3225.8134785815746,886.0,875.7886020874737,4612.0,4101.6020806690485
2025-12-17 09:00:00+00:00,4266.0,3356.801641067277,725.0,764.4133197857309,4991.0,4121.214960853008
2025-12-17 10:00:00+00:00,4372.0,3304.6290422859665,691.0,643.9149010400004,5063.0,3948.543943325967
2025-12-17 11:00:00+00:00,4081.0,3363.4574800409237,687.0,675.2051324899032,4768.0,4038.6626125308267
2025-12-17 12:00:00+00:00,3542.0,2642.284482982853,690.0,660.5987455939178,4232.0,3302.883228576771
2025-12-17 13:00:00+00:00,2290.0,1171.4682274569998,643.0,782.3339840383047,2933.0,1953.8022114953046
2025-12-17 14:00:00+00:00,559.0,359.26752547965594,566.0,813.3236913846159,1125.0,1172.591216864272
2025-12-17 15:00:00+00:00,4.0,1.434060584376698,455.0,850.0037115640239,459.0,851.4377721484005
2025-12-17 16:00:00+00:00,0.0,0.028836287404017214,394.0,781.1164791429763,394.0,781.1453154303804
2025-12-17 17:00:00+00:00,0.0,0.014542359636694105,351.0,689.6599750840714,351.0,689.6745174437082
2025-12-17 18:00:00+00:00,0.0,0.009528000315324943,321.0,605.8082761033002,321.0,605.8178041036155
2025-12-17 19:00:00+00:00,0.0,0.0071603457962743375,261.0,666.3022698670677,261.0,666.309430212864
2025-12-17 20:00:00+00:00,0.0,0.005656688033601042,230.0,719.4784454741765,230.0,719.4841021622101
2025-12-17 21:00:00+00:00,0.0,0.005656688033601042,197.0,712.3208608349673,197.0,712.3265175230009
2025-12-17 22:00:00+00:00,0.0,0.005656688033601042,142.0,675.9871405158198,142.0,675.9927972038533
2025-12-17 23:00:00+00:00,0.0,0.005656688033601042,136.0,683.6908223267563,136.0,683.6964790147899
2025-12-18 00:00:00+00:00,0.0,0.005656688033601042,129.0,687.7705888142639,129.0,687.7762455022975
2025-12-18 01:00:00+00:00,0.0,0.005656688033601042,131.0,667.9470528790234,131.0,667.952709567057
2025-12-18 02:00:00+00:00,0.0,0.0063282602991208605,111.0,618.9974086536992,111.0,619.0037369139983
2025-12-18 03:00:00+00:00,0.0,0.03257388512367691,106.0,619.8946606443177,106.0,619.9272345294414
2025-12-18 04:00:00+00:00,0.0,0.05856328037041773,118.0,585.263121690208,118.0,585.3216849705784
2025-12-18 05:00:00+00:00,16.0,17.212051694199864,118.0,571.10838020407,134.0,588.3204318982699
2025-12-18 06:00:00+00:00,730.0,807.8615255794426,104.0,568.0203166991893,834.0,1375.881842278632
2025-12-18 07:00:00+00:00,2287.0,2622.6269643769965,86.0,546.337612613592,2373.0,3168.9645769905883
2025-12-18 08:00:00+00:00,3573.0,3579.3205098645662,73.0,378.47846581794204,3646.0,3957.798975682508
2025-12-18 09:00:00+00:00,4084.0,4201.688788997245,75.0,144.98949976252766,4159.0,4346.678288759773
2025-12-18 10:00:00+00:00,4210.0,4378.946416912263,73.0,95.37849857441302,4283.0,4474.324915486676
2025-12-18 11:00:00+00:00,3842.0,4100.3163381426075,84.0,121.72874390730817,3926.0,4222.045082049915
2025-12-18 12:00:00+00:00,3140.0,3654.8468467723665,85.0,304.48501462716524,3225.0,3959.3318613995316
2025-12-18 13:00:00+00:00,1924.0,2685.492038702867,88.0,335.79315643938025,2012.0,3021.285195142247
2025-12-18 14:00:00+00:00,501.0,649.5778340172137,84.0,371.94860082785806,585.0,1021.5264348450718
2025-12-18 15:00:00+00:00,5.0,4.719148032005878,74.0,253.60046614627754,79.0,258.3196141782834
2025-12-18 16:00:00+00:00,0.0,0.11703046131215045,76.0,219.73507647801648,76.0,219.85210693932862
2025-12-18 17:00:00+00:00,0.0,0.03584242683690349,74.0,252.6432164640088,74.0,252.67905889084568
2025-12-18 18:00:00+00:00,0.0,0.01126119834923038,74.0,270.576595262463,74.0,270.58785646081225
2025-12-18 19:00:00+00:00,0.0,0.011098667295200523,60.0,220.84349520248077,60.0,220.85459386977595
2025-12-18 20:00:00+00:00,0.0,0.008227848553622102,67.0,228.90470320850136,67.0,228.91293105705498
2025-12-18 21:00:00+00:00,0.0,0.008227848553622102,88.0,188.14137004906775,88.0,188.14959789762136
2025-12-18 22:00:00+00:00,0.0,0.006080640146516412,107.0,239.0531644461497,107.0,239.05924508629622
2025-12-18 23:00:00+00:00,0.0,0.005560415712408777,118.0,319.0149855670144,118.0,319.0205459827268
2025-12-19 00:00:00+00:00,0.0,0.005560415712408777,138.0,351.6663939219176,138.0,351.67195433763
2025-12-19 01:00:00+00:00,0.0,0.005560415712408777,152.0,408.4689260740972,152.0,408.47448648980964
2025-12-19 02:00:00+00:00,0.0,0.005711763543820961,167.0,438.8187966333842,167.0,438.824508396928
2025-12-19 03:00:00+00:00,0.0,0.03296206088682517,145.0,482.61858802177176,145.0,482.65155008265856
2025-12-19 04:00:00+00:00,0.0,0.03403212563055659,129.0,437.96587547798583,129.0,437.9999076036164
2025-12-19 05:00:00+00:00,13.0,15.567649930893612,110.0,472.4961807676126,123.0,488.0638306985062
2025-12-19 06:00:00+00:00,703.0,760.7122183549781,98.0,490.4104456153998,801.0,1251.1226639703777
2025-12-19 07:00:00+00:00,2358.0,2176.2526585218798,91.0,581.8932447807166,2449.0,2758.1459033025963
2025-12-19 08:00:00+00:00,3684.0,2702.261624837601,96.0,423.4027136068594,3780.0,3125.6643384444606
2025-12-19 09:00:00+00:00,4144.0,3339.0100092293037,94.0,236.06251786267512,4238.0,3575.072527091979
2025-12-19 10:00:00+00:00,4029.0,3203.5470858121553,81.0,175.52432026598308,4110.0,3379.0714060781384
2025-12-19 11:00:00+00:00,3840.0,2792.006792441719,63.0,292.9007340757753,3903.0,3084.9075265174943
2025-12-19 12:00:00+00:00,3226.0,2595.6532612967553,77.0,395.0872120176291,3303.0,2990.7404733143844
2025-12-19 13:00:00+00:00,2050.0,2016.0352929288297,85.0,307.57243516673407,2135.0,2323.6077280955637
2025-12-19 14:00:00+00:00,456.0,501.41277938309713,143.0,324.9660769059831,599.0,826.3788562890802
2025-12-19 15:00:00+00:00,3.0,5.134317875451279,206.0,472.8776967724709,209.0,478.01201464792223
2025-12-19 16:00:00+00:00,0.0,0.08129166317625039,263.0,625.53226212705,263.0,625.6135537902262
2025-12-19 17:00:00+00:00,0.0,0.02768904131146237,392.0,739.5146224391317,392.0,739.5423114804431
2025-12-19 18:00:00+00:00,0.0,0.009435905012387572,547.0,904.2262318602013,547.0,904.2356677652137
2025-12-19 19:00:00+00:00,0.0,0.0070682504933369675,620.0,912.6679363400706,620.0,912.675004590564
2025-12-19 20:00:00+00:00,0.0,0.005622507788578728,530.0,824.9254959754006,530.0,824.9311184831892
2025-12-19 21:00:00+00:00,0.0,0.005622507788578728,518.0,892.0268156486828,518.0,892.0324381564714
2025-12-19 22:00:00+00:00,0.0,0.005622507788578728,716.0,912.9312954869167,716.0,912.9369179947053
2025-12-19 23:00:00+00:00,0.0,0.005622507788578728,900.0,965.7068550534774,900.0,965.7124775612659
2025-12-20 00:00:00+00:00,0.0,0.005622507788578728,1138.0,849.6930975496874,1138.0,849.698720057476
2025-12-20 01:00:00+00:00,0.0,0.005622507788578728,1022.0,942.8325059097834,1022.0,942.838128417572
2025-12-20 02:00:00+00:00,0.0,0.005773855619990913,1005.0,943.3427824680673,1005.0,943.3485563236873
2025-12-20 03:00:00+00:00,0.0,0.05066345237985176,1208.0,920.5688280873978,1208.0,920.6194915397776
2025-12-20 04:00:00+00:00,0.0,0.051733517123583164,1351.0,846.2317821103117,1351.0,846.2835156274352
2025-12-20 05:00:00+00:00,5.0,13.297358281920392,1221.0,699.1734865258122,1226.0,712.4708448077326
2025-12-20 06:00:00+00:00,256.0,488.4786373386334,968.0,761.1898572726361,1224.0,1249.6684946112696
2025-12-20 07:00:00+00:00,971.0,1559.6677227867765,976.0,769.9747225244556,1947.0,2329.642445311232
2025-12-20 08:00:00+00:00,1689.0,2382.2131264001437,1046.0,671.3997132398054,2735.0,3053.612839639949
2025-12-20 09:00:00+00:00,2075.0,2760.8892566745217,1030.0,637.0063749623578,3105.0,3397.8956316368794
2025-12-20 10:00:00+00:00,2074.0,2744.892683828759,1191.0,837.7038853287778,3265.0,3582.5965691575366
2025-12-20 11:00:00+00:00,1761.0,2418.379967097926,928.0,772.4336866898515,2689.0,3190.8136537877776
2025-12-20 12:00:00+00:00,1256.0,2181.8772108624075,849.0,885.9392574479122,2105.0,3067.8164683103196
2025-12-20 13:00:00+00:00,735.0,1333.4530734626567,911.0,869.1327022073824,1646.0,2202.585775670039
2025-12-20 14:00:00+00:00,188.0,344.5464977208355,1187.0,807.9078309552893,1375.0,1152.4543286761248
2025-12-20 15:00:00+00:00,0.0,2.553631820958358,1280.0,942.0584201837837,1280.0,944.612052004742
2025-12-20 16:00:00+00:00,0.0,0.3480541755095111,1238.0,1061.2051586422567,1238.0,1061.5532128177663
2025-12-20 17:00:00+00:00,0.0,0.014450264333756733,1213.0,1159.5083615886908,1213.0,1159.5228118530247
2025-12-20 18:00:00+00:00,0.0,0.009435905012387572,1073.0,1150.1093410366623,1073.0,1150.1187769416747
2025-12-20 19:00:00+00:00,0.0,0.0070682504933369675,1001.0,1160.4215009353798,1001.0,1160.4285691858731
2025-12-20 20:00:00+00:00,0.0,0.00556459273066367,941.0,1090.150622947399,941.0,1090.1561875401296
2025-12-20 21:00:00+00:00,0.0,0.00556459273066367,1027.0,1190.0855597323823,1027.0,1190.091124325113
2025-12-20 22:00:00+00:00,0.0,0.00556459273066367,902.0,1221.6809100453183,902.0,1221.686474638049
2025-12-20 23:00:00+00:00,0.0,0.005502500654493718,935.0,1110.5066351632242,935.0,1110.5121376638788
2025-12-21 00:00:00+00:00,0.0,0.00556459273066367,928.0,1052.5607992602097,928.0,1052.5663638529404
2025-12-21 01:00:00+00:00,0.0,0.00556459273066367,972.0,1120.290307107373,972.0,1120.2958717001038
2025-12-21 02:00:00+00:00,0.0,0.0057159405620758556,991.0,1129.2444748173916,991.0,1129.2501907579538
2025-12-21 03:00:00+00:00,0.0,0.03296206088682517,1004.0,1080.2541972697754,1004.0,1080.2871593306622
2025-12-21 04:00:00+00:00,0.0,0.03403212563055659,1063.0,1129.916378466868,1063.0,1129.9504105924987
2025-12-21 05:00:00+00:00,0.0,5.649175915134346,1068.0,1154.3682333381346,1068.0,1160.0174092532689
2025-12-21 06:00:00+00:00,159.0,439.8738717519615,974.0,1268.395457611588,1133.0,1708.2693293635493
2025-12-21 07:00:00+00:00,710.0,1929.2553241395938,892.0,1270.8786171462677,1602.0,3200.1339412858615
2025-12-21 08:00:00+00:00,1387.0,2803.246931388473,893.0,1249.4207933874302,2280.0,4052.6677247759035
2025-12-21 09:00:00+00:00,2156.0,2988.6114148294814,877.0,1102.3249518028376,3033.0,4090.936366632319
2025-12-21 10:00:00+00:00,2556.0,3021.461032463096,905.0,1024.4033407544184,3461.0,4045.8643732175146
2025-12-21 11:00:00+00:00,2152.0,3258.620107373761,1023.0,1106.2102796543836,3175.0,4364.830387028145
2025-12-21 12:00:00+00:00,1530.0,2248.062790195683,1139.0,1114.7801590909828,2669.0,3362.842949286666
2025-12-21 13:00:00+00:00,800.0,1679.4886558443418,1259.0,974.6999881610577,2059.0,2654.1886440053995
2025-12-21 14:00:00+00:00,179.0,374.6795779521083,1353.0,1046.8207313920543,1532.0,1421.5003093441626
2025-12-21 15:00:00+00:00,0.0,1.3526791953302228,1429.0,1204.5511820056722,1429.0,1205.9038612010024
2025-12-21 16:00:00+00:00,0.0,0.028060996408193678,1411.0,1079.1869564691647,1411.0,1079.2150174655728
2025-12-21 17:00:00+00:00,0.0,0.01828035435050114,1350.0,1111.7421899234434,1350.0,1111.760470277794
2025-12-21 18:00:00+00:00,0.0,0.010387475766630717,1347.0,1313.2759270364668,1347.0,1313.2863145122335
2025-12-21 19:00:00+00:00,0.0,0.008019821247580113,1422.0,1287.1352600198486,1422.0,1287.1432798410963
2025-12-21 20:00:00+00:00,0.0,0.005984990788555551,1415.0,1187.1548945119512,1415.0,1187.1608795027398
2025-12-21 21:00:00+00:00,0.0,0.005984990788555551,1425.0,1179.5971933426167,1425.0,1179.6031783334054
2025-12-21 22:00:00+00:00,0.0,0.005984990788555551,1397.0,1049.247343558485,1397.0,1049.2533285492736
2025-12-21 23:00:00+00:00,0.0,0.005984990788555551,1480.0,1069.7203839975448,1480.0,1069.7263689883334
2025-12-22 00:00:00+00:00,0.0,0.005984990788555551,1666.0,1313.0226605181285,1666.0,1313.0286455089172
2025-12-22 01:00:00+00:00,0.0,0.006047082864725502,1735.0,1362.8442288089504,1735.0,1362.8502758918153
2025-12-22 02:00:00+00:00,0.0,0.006198430696137687,1670.0,1254.2820080042975,1670.0,1254.2882064349935
2025-12-22 03:00:00+00:00,0.0,0.032121565077686494,1640.0,1394.0017446967856,1640.0,1394.0338662618633
2025-12-22 04:00:00+00:00,0.0,0.03319162982141792,1664.0,1376.5258661710839,1664.0,1376.5590578009053
2025-12-22 05:00:00+00:00,3.0,0.9887704251432325,1715.0,1343.3289044905725,1718.0,1344.3176749157158
2025-12-22 06:00:00+00:00,176.0,280.70978382948977,1757.0,1452.154501815122,1933.0,1732.8642856446118
2025-12-22 07:00:00+00:00,642.0,1273.5528977327936,1760.0,1406.5011730474357,2402.0,2680.0540707802293
2025-12-22 08:00:00+00:00,1163.0,1155.3090451887772,1744.0,1330.1308431789619,2907.0,2485.439888367739
2025-12-22 09:00:00+00:00,1434.0,1720.9950901732984,1604.0,1411.410321542527,3038.0,3132.4054117158257
2025-12-22 10:00:00+00:00,1637.0,2018.4548129099744,1595.0,1247.4022861194535,3232.0,3265.857099029428
2025-12-22 11:00:00+00:00,1549.0,2078.123589304784,1554.0,1198.194010878971,3103.0,3276.3176001837555
2025-12-22 12:00:00+00:00,1154.0,1488.978387987134,1597.0,1144.2944032815071,2751.0,2633.2727912686414
2025-12-22 13:00:00+00:00,671.0,1022.8525140350837,1670.0,1279.530081351274,2341.0,2302.382595386358
2025-12-22 14:00:00+00:00,148.0,284.5754374476454,1797.0,1289.3691638719822,1945.0,1573.9446013196275
2025-12-22 15:00:00+00:00,0.0,0.89564613340475,1922.0,1265.097537170353,1922.0,1265.9931833037579
2025-12-22 16:00:00+00:00,0.0,0.3084379070889347,2021.0,1314.9126077145559,2021.0,1315.2210456216449
2025-12-22 17:00:00+00:00,0.0,0.01834244642667109,2067.0,1334.5124965340883,2067.0,1334.530838980515
2025-12-22 18:00:00+00:00,0.0,0.010449567842800671,2025.0,1664.848792363902,2025.0,1664.859241931745
2025-12-22 19:00:00+00:00,0.0,0.008019821247580113,1846.0,1437.5246137418374,1846.0,1437.532633563085
2025-12-22 20:00:00+00:00,0.0,0.005984990788555551,1647.0,1408.5355706579162,1647.0,1408.5415556487048
2025-12-22 21:00:00+00:00,0.0,0.005984990788555551,1542.0,1322.22304405402,1542.0,1322.2290290448086
2025-12-22 22:00:00+00:00,0.0,0.005984990788555551,1470.0,1262.2347213565893,1470.0,1262.240706347378
2025-12-22 23:00:00+00:00,0.0,0.005984990788555551,1396.0,1320.5721609615198,1396.0,1320.5781459523084
2025-12-23 00:00:00+00:00,0.0,0.005984990788555551,1285.0,1387.57945372989,1285.0,1387.5854387206787
2025-12-23 01:00:00+00:00,0.0,0.005984990788555551,1358.0,1265.2108998923445,1358.0,1265.2168848831332
2025-12-23 02:00:00+00:00,0.0,0.006136338619967734,1377.0,1228.7524908171529,1377.0,1228.758627155773
2025-12-23 03:00:00+00:00,0.0,0.032121565077686494,1401.0,1090.4189823597426,1401.0,1090.4511039248202
2025-12-23 04:00:00+00:00,0.0,0.03319162982141792,1258.0,1024.5989468871037,1258.0,1024.6321385169251
2025-12-23 05:00:00+00:00,4.0,3.87005876057407,1204.0,1082.5639969680944,1208.0,1086.4340557286685
2025-12-23 06:00:00+00:00,234.0,459.84630465674593,1154.0,1139.4454984218075,1388.0,1599.2918030785536
2025-12-23 07:00:00+00:00,841.0,1806.2147225304573,933.0,1098.120191741958,1774.0,2904.3349142724155
2025-12-23 08:00:00+00:00,1448.0,2636.4783956784245,865.0,983.008706415327,2313.0,3619.4871020937517
2025-12-23 09:00:00+00:00,1745.0,2742.9307333533097,806.0,814.2034247381945,2551.0,3557.134158091504
2025-12-23 10:00:00+00:00,1844.0,3311.3392468476754,653.0,651.9081659109436,2497.0,3963.2474127586192
2025-12-23 11:00:00+00:00,1643.0,2954.582266843955,602.0,613.5390845127762,2245.0,3568.1213513567313
2025-12-23 12:00:00+00:00,1218.0,2256.085582039645,545.0,565.7161880250735,1763.0,2821.8017700647188
2025-12-23 13:00:00+00:00,673.0,1445.9630935546695,659.0,629.6421668997232,1332.0,2075.605260454393
2025-12-23 14:00:00+00:00,165.0,303.8761325080892,647.0,641.9851273322467,812.0,945.861259840336
2025-12-23 15:00:00+00:00,0.0,1.4152382972910937,684.0,784.3609392005699,684.0,785.776177497861
2025-12-23 16:00:00+00:00,0.0,0.21900669099647924,678.0,929.0119750629716,678.0,929.2309817539681
2025-12-23 17:00:00+00:00,0.0,0.018902742628703794,649.0,1083.07893829138,649.0,1083.0978410340085
2025-12-23 18:00:00+00:00,0.0,0.010387475766630717,692.0,1158.2927330955008,692.0,1158.3031205712675
2025-12-23 19:00:00+00:00,0.0,0.008019821247580113,765.0,1036.417204399007,765.0,1036.4252242202547
2025-12-23 20:00:00+00:00,0.0,0.005984990788555551,757.0,940.3748869073332,757.0,940.3808718981218
2025-12-23 21:00:00+00:00,0.0,0.005984990788555551,808.0,793.5128662503726,808.0,793.5188512411611
2025-12-23 22:00:00+00:00,0.0,0.006047082864725502,948.0,713.685280725213,948.0,713.6913278080777
2025-12-23 23:00:00+00:00,0.0,0.006047082864725502,976.0,742.4632393424924,976.0,742.4692864253572
2025-12-24 00:00:00+00:00,0.0,0.006047082864725502,975.0,751.9886987271468,975.0,751.9947458100115
2025-12-24 01:00:00+00:00,0.0,0.006047082864725502,986.0,776.7833018115559,986.0,776.7893488944206
2025-12-24 02:00:00+00:00,0.0,0.006198430696137687,997.0,779.2076471044384,997.0,779.2138455351345
2025-12-24 03:00:00+00:00,0.0,0.032121565077686494,1004.0,793.5906373163818,1004.0,793.6227588814595
2025-12-24 04:00:00+00:00,0.0,0.03319162982141792,1087.0,748.8323387196847,1087.0,748.8655303495061
2025-12-24 05:00:00+00:00,0.0,5.939444170598852,1117.0,707.9243045488794,1117.0,713.8637487194783
2025-12-24 06:00:00+00:00,87.0,392.8168286143832,1196.0,771.877223056209,1283.0,1164.6940516705922
2025-12-24 07:00:00+00:00,297.0,1067.462888726399,1144.0,794.3573286845485,1441.0,1861.8202174109474
2025-12-24 08:00:00+00:00,555.0,1202.0260408605113,1116.0,837.5875061265274,1671.0,2039.6135469870387
2025-12-24 09:00:00+00:00,734.0,1833.4568067820321,1049.0,896.375469858335,1783.0,2729.832276640367
2025-12-24 10:00:00+00:00,884.0,2020.1216375314302,977.0,852.8104166972666,1861.0,2872.932054228697
2025-12-24 11:00:00+00:00,842.0,1522.8785673106902,871.0,1064.4585818704786,1713.0,2587.3371491811686
2025-12-24 12:00:00+00:00,553.0,1108.627837113839,754.0,778.1371994909714,1307.0,1886.7650366048103
2025-12-24 13:00:00+00:00,305.0,965.5540172647447,673.0,768.3312187468207,978.0,1733.8852360115654
2025-12-24 14:00:00+00:00,72.0,277.6019411566992,629.0,676.6447084390228,701.0,954.2466495957219
2025-12-24 15:00:00+00:00,0.0,0.7576842571672487,777.0,662.7863853340293,777.0,663.5440695911966
2025-12-24 16:00:00+00:00,0.0,0.5148794808107596,896.0,693.3504978297908,896.0,693.8653773106016
2025-12-24 17:00:00+00:00,0.0,0.019767018231677674,939.0,1169.4168350986179,939.0,1169.4366021168496
2025-12-24 18:00:00+00:00,0.0,0.010449567842800671,1075.0,1179.7700991856252,1075.0,1179.780548753468
2025-12-24 19:00:00+00:00,0.0,0.008081913323750065,1354.0,1045.5573864189118,1354.0,1045.5654683322357
2025-12-24 20:00:00+00:00,0.0,0.006047082864725502,1628.0,1191.461554114405,1628.0,1191.46760119727
2025-12-24 21:00:00+00:00,0.0,0.006047082864725502,1653.0,1380.9629688098983,1653.0,1380.969015892763
2025-12-24 22:00:00+00:00,0.0,0.006047082864725502,1675.0,1173.4360757867803,1675.0,1173.4421228696451
2025-12-24 23:00:00+00:00,0.0,0.006047082864725502,1738.0,1208.194521815115,1738.0,1208.2005688979798
2025-12-25 00:00:00+00:00,0.0,0.006047082864725502,1737.0,1244.3193727389971,1737.0,1244.325419821862
2025-12-25 01:00:00+00:00,0.0,0.006047082864725502,1499.0,1472.3121859483508,1499.0,1472.3182330312156
2025-12-25 02:00:00+00:00,0.0,0.006136338619967734,1361.0,1323.4901252497903,1361.0,1323.4962615884103
2025-12-25 03:00:00+00:00,0.0,0.051727340324404854,1331.0,1228.5729085557734,1331.0,1228.6246358960977
2025-12-25 04:00:00+00:00,0.0,0.05279740506813628,1167.0,1116.7338975808777,1167.0,1116.7866949859458
2025-12-25 05:00:00+00:00,4.0,0.9740142722621978,1080.0,1135.4525473437798,1084.0,1136.426561616042
2025-12-25 06:00:00+00:00,399.0,256.3254785350193,1018.0,1246.5195046689528,1417.0,1502.844983203972
2025-12-25 07:00:00+00:00,1434.0,902.1269483129852,838.0,1237.6401054151145,2272.0,2139.7670537280997
2025-12-25 08:00:00+00:00,2585.0,1343.6500046481963,730.0,939.7864323449976,3315.0,2283.4364369931936
2025-12-25 09:00:00+00:00,3197.0,2014.5637628457603,673.0,743.5148236630827,3870.0,2758.078586508843
2025-12-25 10:00:00+00:00,3473.0,2408.2430267755913,690.0,545.4623659670906,4163.0,2953.705392742682
2025-12-25 11:00:00+00:00,3180.0,2661.389394254812,650.0,556.3861136770569,3830.0,3217.775507931869
2025-12-25 12:00:00+00:00,2484.0,1692.7385080178315,597.0,493.33742921632324,3081.0,2186.0759372341545
2025-12-25 13:00:00+00:00,1318.0,1132.863989300827,586.0,434.7001509246826,1904.0,1567.5641402255096
2025-12-25 14:00:00+00:00,290.0,237.39724921442922,611.0,406.856240104838,901.0,644.2534893192671
2025-12-25 15:00:00+00:00,3.0,1.7546931796663687,592.0,685.4007817149699,595.0,687.1554748946362
2025-12-25 16:00:00+00:00,0.0,0.256325436024319,630.0,796.0176117163933,630.0,796.2739371524176
2025-12-25 17:00:00+00:00,0.0,0.0867778655863347,660.0,881.6241816198757,660.0,881.710959485462
2025-12-25 18:00:00+00:00,0.0,0.07767245116715492,678.0,911.9493643713339,678.0,912.027036822501
2025-12-25 19:00:00+00:00,0.0,0.06794215928546693,679.0,1150.579636501923,679.0,1150.6475786612084
2025-12-25 20:00:00+00:00,0.0,0.0346216145407281,725.0,1547.8002481800213,725.0,1547.834869794562
2025-12-25 21:00:00+00:00,0.0,0.005984990788555551,767.0,1628.3425996786577,767.0,1628.3485846694464
2025-12-25 22:00:00+00:00,0.0,0.006047082864725502,699.0,1740.697744420473,699.0,1740.703791503338
2025-12-25 23:00:00+00:00,0.0,0.006047082864725502,669.0,1858.9255022318966,669.0,1858.9315493147615
2025-12-26 00:00:00+00:00,0.0,0.006047082864725502,633.0,1822.0095211237542,633.0,1822.015568206619
2025-12-26 01:00:00+00:00,0.0,0.006047082864725502,602.0,1902.0455398530576,602.0,1902.0515869359224
2025-12-26 02:00:00+00:00,0.0,0.006198430696137687,681.0,1728.8701574809468,681.0,1728.8763559116428
2025-12-26 03:00:00+00:00,0.0,0.06722576152040166,817.0,1673.2534012653475,817.0,1673.320627026868
2025-12-26 04:00:00+00:00,0.0,0.05279740506813628,902.0,1608.451392503132,902.0,1608.5041899082
2025-12-26 05:00:00+00:00,4.0,5.822039964134831,1147.0,1435.2611035769366,1151.0,1441.0831435410714
2025-12-26 06:00:00+00:00,233.0,599.0298717237093,1246.0,1213.608566987421,1479.0,1812.6384387111302
2025-12-26 07:00:00+00:00,892.0,1948.9705223307935,1263.0,1187.983146136456,2155.0,3136.9536684672494
2025-12-26 08:00:00+00:00,1549.0,3065.726699546161,1340.0,1230.2749776878638,2889.0,4296.001677234025
2025-12-26 09:00:00+00:00,2044.0,2688.0065089744144,1293.0,1246.9756517789383,3337.0,3934.9821607533527
2025-12-26 10:00:00+00:00,2398.0,2646.3515878091926,1284.0,1150.944773922372,3682.0,3797.2963617315645
2025-12-26 11:00:00+00:00,2262.0,2750.647041731023,1309.0,1208.9653612119632,3571.0,3959.612402942986
2025-12-26 12:00:00+00:00,1725.0,2996.815418244057,1404.0,1011.2002226019091,3129.0,4008.015640845966
2025-12-26 13:00:00+00:00,966.0,2044.665365041246,1372.0,991.7094944320347,2338.0,3036.3748594732806
2025-12-26 14:00:00+00:00,255.0,403.72671459328757,1446.0,933.3157231989569,1701.0,1337.0424377922445
2025-12-26 15:00:00+00:00,5.0,2.6058114655707567,1382.0,991.4279797181051,1387.0,994.0337911836759
2025-12-26 16:00:00+00:00,0.0,0.069993571107479,1384.0,1005.4958225083732,1384.0,1005.5658160794807
2025-12-26 17:00:00+00:00,0.0,0.014542359636694105,1286.0,953.1945520203119,1286.0,953.2090943799486
2025-12-26 18:00:00+00:00,0.0,0.009528000315324943,1122.0,940.8358151045081,1122.0,940.8453431048234
2025-12-26 19:00:00+00:00,0.0,0.0071603457962743375,973.0,847.4219050024299,973.0,847.4290653482261
2025-12-26 20:00:00+00:00,0.0,0.005656688033601042,1037.0,829.5805803564489,1037.0,829.5862370444825
2025-12-26 21:00:00+00:00,0.0,0.005656688033601042,1245.0,759.713685719371,1245.0,759.7193424074046
2025-12-26 22:00:00+00:00,0.0,0.005656688033601042,1211.0,842.1971753967339,1211.0,842.2028320847675
2025-12-26 23:00:00+00:00,0.0,0.005656688033601042,1154.0,961.9867564532243,1154.0,961.9924131412579
2025-12-27 00:00:00+00:00,0.0,0.005656688033601042,1225.0,1084.3290554648227,1225.0,1084.3347121528564
2025-12-27 01:00:00+00:00,0.0,0.005656688033601042,1459.0,1250.9671020027827,1459.0,1250.9727586908164
2025-12-27 02:00:00+00:00,0.0,0.0058080358650132256,1644.0,1497.0036598709612,1644.0,1497.009467906826
2025-12-27 03:00:00+00:00,0.0,0.03193286535050538,1844.0,1742.3592356683562,1844.0,1742.3911685337066
2025-12-27 04:00:00+00:00,0.0,0.0330029300942368,1799.0,2008.4965680714672,1799.0,2008.5295710015614
2025-12-27 05:00:00+00:00,5.0,4.205942200741989,1786.0,2144.7913507610674,1791.0,2148.9972929618093
2025-12-27 06:00:00+00:00,554.0,392.0276685364419,2098.0,2503.830203186843,2652.0,2895.857871723285
2025-12-27 07:00:00+00:00,2226.0,1246.6964696070193,2289.0,2601.2465598237295,4515.0,3847.9430294307485
2025-12-27 08:00:00+00:00,3676.0,2367.9504817183783,2102.0,2489.0330375845597,5778.0,4856.983519302938
2025-12-27 09:00:00+00:00,4536.0,2892.4051650959946,1709.0,1978.2953382046476,6245.0,4870.700503300643
2025-12-27 10:00:00+00:00,4764.0,2955.781649452802,1390.0,1659.8249950410598,6154.0,4615.6066444938615
2025-12-27 11:00:00+00:00,4587.0,3029.747957150027,1431.0,1611.000806127274,6018.0,4640.748763277301
2025-12-27 12:00:00+00:00,3926.0,2946.986002298742,1468.0,1773.5801635641983,5394.0,4720.56616586294
2025-12-27 13:00:00+00:00,2524.0,1703.5375512997157,1548.0,1818.7243670209632,4072.0,3522.261918320679
2025-12-27 14:00:00+00:00,709.0,386.3701538074812,1569.0,1704.3337207843883,2278.0,2090.7038745918694
2025-12-27 15:00:00+00:00,9.0,6.785507034590068,1468.0,1600.7037617179203,1477.0,1607.4892687525103
2025-12-27 16:00:00+00:00,0.0,0.03028964214056014,1283.0,1349.9126351333916,1283.0,1349.9429247755322
2025-12-27 17:00:00+00:00,0.0,0.01828035435050114,1079.0,1091.027845384519,1079.0,1091.0461257388695
2025-12-27 18:00:00+00:00,0.0,0.010387475766630717,935.0,995.5109230566329,935.0,995.5213105323995
2025-12-27 19:00:00+00:00,0.0,0.008019821247580113,767.0,916.9019903171713,767.0,916.9100101384189
2025-12-27 20:00:00+00:00,0.0,0.005984990788555551,771.0,975.8980178716861,771.0,975.9040028624746
2025-12-27 21:00:00+00:00,0.0,0.005984990788555551,737.0,1080.088754079918,737.0,1080.0947390707067
2025-12-27 22:00:00+00:00,0.0,0.00627097870528757,745.0,992.1373716322679,745.0,992.1436426109732
2025-12-27 23:00:00+00:00,0.0,0.0064541220190861845,741.0,974.9554698532477,741.0,974.9619239752668
2025-12-28 00:00:00+00:00,0.0,0.00692005944242427,901.0,991.4546826531043,901.0,991.4616027125468
2025-12-28 01:00:00+00:00,0.0,0.00692005944242427,1136.0,1222.7987114948712,1136.0,1222.8056315543135
2025-12-28 02:00:00+00:00,0.0,0.006996868888924309,1413.0,1307.1721366215356,1413.0,1307.1791334904246
2025-12-28 03:00:00+00:00,0.0,0.09404725729328606,1941.0,1492.805494195312,1941.0,1492.8995414526053
2025-12-28 04:00:00+00:00,0.0,0.09715810676104597,2109.0,1652.732371327184,2109.0,1652.829529433945
2025-12-28 05:00:00+00:00,7.0,6.655582964690976,2109.0,1569.1286692519925,2116.0,1575.7842522166834
2025-12-28 06:00:00+00:00,747.0,842.303135238898,2131.0,1830.329312985234,2878.0,2672.632448224132
2025-12-28 07:00:00+00:00,2807.0,2736.195325400422,2194.0,2125.4699083476526,5001.0,4861.665233748075
2025-12-28 08:00:00+00:00,4232.0,3668.761467464805,1915.0,2052.3551412724914,6147.0,5721.116608737297
2025-12-28 09:00:00+00:00,4611.0,4422.338585456338,1730.0,1615.3143831162706,6341.0,6037.652968572608
2025-12-28 10:00:00+00:00,4861.0,4499.922908146478,1587.0,1454.657991844731,6448.0,5954.58089999121
2025-12-28 11:00:00+00:00,4894.0,4399.9639250326745,1481.0,1345.949066837003,6375.0,5745.912991869678
2025-12-28 12:00:00+00:00,4330.0,3924.9092044398217,1640.0,1312.8522583230117,5970.0,5237.761462762834
2025-12-28 13:00:00+00:00,2837.0,2585.8555179118644,1704.0,1999.6033193335209,4541.0,4585.458837245385
2025-12-28 14:00:00+00:00,787.0,809.234021923852,1735.0,2543.62445346769,2522.0,3352.858475391542
2025-12-28 15:00:00+00:00,10.0,9.187654873841149,2224.0,2862.948054924601,2234.0,2872.135709798442
2025-12-28 16:00:00+00:00,0.0,0.028905904912135343,2432.0,3001.0436645356476,2432.0,3001.07257044056
2025-12-28 17:00:00+00:00,0.0,0.015260737192651723,2465.0,2818.4993486471067,2465.0,2818.5146093842995
2025-12-28 18:00:00+00:00,0.0,0.00937381293621762,2524.0,2415.8992449000016,2524.0,2415.908618712938
2025-12-28 19:00:00+00:00,0.0,0.0070061584171670155,2386.0,2172.8853191103594,2386.0,2172.8923252687764
2025-12-28 20:00:00+00:00,0.0,0.005502500654493718,1998.0,2079.7535127117853,1998.0,2079.75901521244
2025-12-28 21:00:00+00:00,0.0,0.005502500654493718,1895.0,2038.746632009366,1895.0,2038.7521345100206
2025-12-28 22:00:00+00:00,0.0,0.005502500654493718,1653.0,2380.6331231109275,1653.0,2380.638625611582
2025-12-28 23:00:00+00:00,0.0,0.005502500654493718,1393.0,2162.26258525327,1393.0,2162.2680877539246
2025-12-29 00:00:00+00:00,0.0,0.005502500654493718,1283.0,2093.173189300129,1283.0,2093.1786918007833
2025-12-29 01:00:00+00:00,0.0,0.005502500654493718,1168.0,2084.2466101212563,1168.0,2084.252112621911
2025-12-29 02:00:00+00:00,0.0,0.005865298017725777,1171.0,1875.7415568789602,1171.0,1875.7474221769778
2025-12-29 03:00:00+00:00,0.0,0.09370437018699762,1273.0,1794.0768425419296,1273.0,1794.1705469121166
2025-12-29 04:00:00+00:00,0.0,0.09681521965475753,1399.0,1481.4945385938722,1399.0,1481.591353813527
2025-12-29 05:00:00+00:00,7.0,9.051258983268227,1160.0,1510.865574014667,1167.0,1519.9168329979352
2025-12-29 06:00:00+00:00,739.0,845.3339162713363,992.0,1721.1280526774383,1731.0,2566.4619689487745
2025-12-29 07:00:00+00:00,2812.0,2853.5504315911867,698.0,1880.7165410124635,3510.0,4734.26697260365
2025-12-29 08:00:00+00:00,4458.0,4077.9306320520664,507.0,1656.0189779452612,4965.0,5733.949609997328
2025-12-29 09:00:00+00:00,5193.0,4574.807889337008,445.0,1526.6647200339385,5638.0,6101.472609370947
2025-12-29 10:00:00+00:00,5410.0,4826.967486665465,419.0,1487.8843162758226,5829.0,6314.851802941288
2025-12-29 11:00:00+00:00,5204.0,4865.357730968117,406.0,1359.7298851147077,5610.0,6225.087616082825
2025-12-29 12:00:00+00:00,4495.0,4069.068470896729,389.0,1351.8759281075493,4884.0,5420.944399004278
2025-12-29 13:00:00+00:00,2973.0,2784.9786072534766,368.0,1357.2683395730628,3341.0,4142.246946826539
2025-12-29 14:00:00+00:00,862.0,823.5280227242678,382.0,1218.2092353689122,1244.0,2041.7372580931801
2025-12-29 15:00:00+00:00,10.0,11.026388967775613,413.0,1149.2704629981442,423.0,1160.2968519659198
2025-12-29 16:00:00+00:00,0.0,0.06693848508540755,517.0,1196.4872521577809,517.0,1196.5541906428662
2025-12-29 17:00:00+00:00,0.0,0.01438817225758678,744.0,1344.02702090631,744.0,1344.0414090785678
2025-12-29 18:00:00+00:00,0.0,0.00937381293621762,976.0,1140.3010973397556,976.0,1140.310471152692
2025-12-29 19:00:00+00:00,0.0,0.0070061584171670155,1152.0,1239.7439701444123,1152.0,1239.7509763028295
2025-12-29 20:00:00+00:00,0.0,0.005502500654493718,1446.0,1224.8467530131918,1446.0,1224.8522555138463
2025-12-29 21:00:00+00:00,0.0,0.005502500654493718,1713.0,1190.0787878490412,1713.0,1190.0842903496957
2025-12-29 22:00:00+00:00,0.0,0.005502500654493718,1830.0,1146.6511739082687,1830.0,1146.6566764089232
2025-12-29 23:00:00+00:00,0.0,0.005502500654493718,2023.0,1114.4211294117688,2023.0,1114.4266319124233
2025-12-30 00:00:00+00:00,0.0,0.005502500654493718,2035.0,1038.3309404810882,2035.0,1038.3364429817427
2025-12-30 01:00:00+00:00,0.0,0.005502500654493718,2128.0,1033.4820682697612,2128.0,1033.4875707704157
2025-12-30 02:00:00+00:00,0.0,0.0057159405620758556,2332.0,1078.1632796410772,2332.0,1078.1689955816394
2025-12-30 03:00:00+00:00,0.0,0.03177867797139806,2524.0,1142.1822023501984,2524.0,1142.2139810281699
2025-12-30 04:00:00+00:00,0.0,0.03292339760589849,2546.0,1200.030874013696,2546.0,1200.0637974113017
2025-12-30 05:00:00+00:00,6.0,8.88255677106199,2515.0,1123.5705768470414,2521.0,1132.4531336181033
2025-12-30 06:00:00+00:00,603.0,750.094261589435,2497.0,1001.1983142802509,3100.0,1751.2925758696858
2025-12-30 07:00:00+00:00,2302.0,2642.6553867655434,2377.0,1203.0351700490924,4679.0,3845.690556814636
2025-12-30 08:00:00+00:00,3686.0,4114.866876560127,2506.0,1234.8424997782856,6192.0,5349.709376338413
2025-12-30 09:00:00+00:00,4212.0,4874.481385393429,2634.0,1506.4627471461824,6846.0,6380.944132539612
2025-12-30 10:00:00+00:00,4062.0,4677.274809674484,2615.0,1377.2410182740368,6677.0,6054.51582794852
2025-12-30 11:00:00+00:00,3796.0,4259.514199511469,2557.0,1323.523325097752,6353.0,5583.037524609221
2025-12-30 12:00:00+00:00,3217.0,3638.2577054658086,2477.0,1450.4014690126294,5694.0,5088.659174478438
2025-12-30 13:00:00+00:00,2042.0,2363.5423318619096,2374.0,1146.6918874726553,4416.0,3510.234219334565
2025-12-30 14:00:00+00:00,534.0,792.0402298878116,2259.0,1043.7986390601118,2793.0,1835.8388689479234
2025-12-30 15:00:00+00:00,7.0,9.298951003211728,2387.0,1150.8770854055942,2394.0,1160.1760364088059
2025-12-30 16:00:00+00:00,0.0,0.04311194081157628,2376.0,1330.7033658495877,2376.0,1330.7464777903992
2025-12-30 17:00:00+00:00,0.0,0.01438817225758678,2189.0,1372.547417993095,2189.0,1372.5618061653527
2025-12-30 18:00:00+00:00,0.0,0.00937381293621762,1909.0,1393.7232682314368,1909.0,1393.732642044373
2025-12-30 19:00:00+00:00,0.0,0.0070061584171670155,1764.0,1663.1761734012032,1764.0,1663.1831795596204
2025-12-30 20:00:00+00:00,0.0,0.005502500654493718,1489.0,2522.7301485866537,1489.0,2522.7356510873083
2025-12-30 21:00:00+00:00,0.0,0.005502500654493718,1348.0,2779.2451056776017,1348.0,2779.2506081782562
2025-12-30 22:00:00+00:00,0.0,0.005502500654493718,1490.0,3129.9314887708115,1490.0,3129.936991271466
2025-12-30 23:00:00+00:00,0.0,0.005502500654493718,1843.0,3317.3085137274593,1843.0,3317.314016228114
2025-12-31 00:00:00+00:00,0.0,0.005502500654493718,2100.0,3392.91593267573,2100.0,3392.9214351763844
2025-12-31 01:00:00+00:00,0.0,0.005502500654493718,2383.0,3434.4045756194064,2383.0,3434.410078120061
2025-12-31 02:00:00+00:00,0.0,0.005653848485905903,2489.0,3678.283233277617,2489.0,3678.288887126103
2025-12-31 03:00:00+00:00,0.0,0.03177867797139806,2521.0,3408.515519455228,2521.0,3408.5472981331995
2025-12-31 04:00:00+00:00,0.0,0.03284874271512948,2488.0,3271.08653154904,2488.0,3271.119380291755
2025-12-31 05:00:00+00:00,3.0,5.786586006578435,2703.0,3090.4962739680896,2706.0,3096.282859974668
2025-12-31 06:00:00+00:00,175.0,561.684762119236,2731.0,3164.2513702431206,2906.0,3725.9361323623566
2025-12-31 07:00:00+00:00,819.0,1950.2227956831512,2672.0,2878.983268514059,3491.0,4829.20606419721
2025-12-31 08:00:00+00:00,1785.0,3093.95868599404,2657.0,2662.841391401753,4442.0,5756.800077395793
2025-12-31 09:00:00+00:00,2444.0,3664.8768748469265,2596.0,2425.8911942251425,5040.0,6090.768069072069
2025-12-31 10:00:00+00:00,2789.0,3717.1923155799077,2556.0,2304.498814776547,5345.0,6021.691130356455
2025-12-31 11:00:00+00:00,2783.0,3573.4877019948717,2484.0,2103.7495202541227,5267.0,5677.237222248994
2025-12-31 12:00:00+00:00,2475.0,3445.1403065655363,2345.0,2076.341002267153,4820.0,5521.481308832689
2025-12-31 13:00:00+00:00,1763.0,2361.165399616035,2198.0,1930.215382385551,3961.0,4291.380782001586
2025-12-31 14:00:00+00:00,521.0,644.9840417179892,2087.0,1671.665012024268,2608.0,2316.649053742257
2025-12-31 15:00:00+00:00,10.0,8.529579029600864,2002.0,1666.550132911439,2012.0,1675.07971194104
2025-12-31 16:00:00+00:00,0.0,0.1015382704653116,1946.0,1575.4871481494833,1946.0,1575.5886864199485
2025-12-31 17:00:00+00:00,0.0,0.014550767555093602,1993.0,1380.8971425027448,1993.0,1380.9116932703
2025-12-31 18:00:00+00:00,0.0,0.01022625492040266,2080.0,1253.321977153723,2080.0,1253.3322034086434
2025-12-31 19:00:00+00:00,0.0,0.007941227071035735,2051.0,1231.9705062773933,2051.0,1231.9784475044644
2025-12-31 20:00:00+00:00,0.0,0.00643756930836244,2076.0,1129.7079110032823,2076.0,1129.7143485725908
2025-12-31 21:00:00+00:00,0.0,0.00643756930836244,2194.0,1305.3551821312026,2194.0,1305.361619700511
